-- --------------------------------------------------------
-- Host:                         localhost
-- Versione server:              5.7.24 - MySQL Community Server (GPL)
-- S.O. server:                  Win64
-- HeidiSQL Versione:            10.2.0.5599
-- --------------------------------------------------------

/*!40101 SET @OLD_CHARACTER_SET_CLIENT=@@CHARACTER_SET_CLIENT */;
/*!40101 SET NAMES utf8 */;
/*!50503 SET NAMES utf8mb4 */;
/*!40014 SET @OLD_FOREIGN_KEY_CHECKS=@@FOREIGN_KEY_CHECKS, FOREIGN_KEY_CHECKS=0 */;
/*!40101 SET @OLD_SQL_MODE=@@SQL_MODE, SQL_MODE='NO_AUTO_VALUE_ON_ZERO' */;

-- Dump della struttura di tabella recap-join.categories
CREATE TABLE IF NOT EXISTS `categories` (
  `id` bigint(20) unsigned NOT NULL AUTO_INCREMENT,
  `name` varchar(128) COLLATE utf8mb4_unicode_ci NOT NULL,
  `slug` varchar(128) COLLATE utf8mb4_unicode_ci NOT NULL,
  `color` varchar(8) COLLATE utf8mb4_unicode_ci DEFAULT NULL,
  `img` varchar(256) COLLATE utf8mb4_unicode_ci DEFAULT NULL,
  `created_at` timestamp NULL DEFAULT NULL,
  `updated_at` timestamp NULL DEFAULT NULL,
  PRIMARY KEY (`id`),
  UNIQUE KEY `categories_slug_unique` (`slug`)
) ENGINE=InnoDB AUTO_INCREMENT=11 DEFAULT CHARSET=utf8mb4 COLLATE=utf8mb4_unicode_ci;

-- Dump dei dati della tabella recap-join.categories: ~10 rows (circa)
/*!40000 ALTER TABLE `categories` DISABLE KEYS */;
REPLACE INTO `categories` (`id`, `name`, `slug`, `color`, `img`, `created_at`, `updated_at`) VALUES
	(1, 'Auto e moto', 'auto-e-moto', NULL, NULL, '2022-09-20 14:40:28', '2022-09-20 14:40:28'),
	(2, 'Bellezza', 'bellezza', NULL, 'https://via.placeholder.com/640x480.png/0088dd?text=animals+doloremque', '2022-09-20 14:40:28', '2022-09-20 14:40:28'),
	(3, 'Casa', 'casa', '#328462', 'https://via.placeholder.com/640x480.png/006644?text=animals+est', '2022-09-20 14:40:28', '2022-09-20 14:40:28'),
	(4, 'Elettronica', 'elettronica', NULL, 'https://via.placeholder.com/640x480.png/00cc00?text=animals+voluptatem', '2022-09-20 14:40:28', '2022-09-20 14:40:28'),
	(5, 'Giocattoli', 'giocattoli', '#e7a778', NULL, '2022-09-20 14:40:28', '2022-09-20 14:40:28'),
	(6, 'Libri', 'libri', '#671a21', 'https://via.placeholder.com/640x480.png/00ccbb?text=animals+quia', '2022-09-20 14:40:28', '2022-09-20 14:40:28'),
	(7, 'Musica', 'musica', NULL, 'https://via.placeholder.com/640x480.png/00bb99?text=animals+ex', '2022-09-20 14:40:28', '2022-09-20 14:40:28'),
	(8, 'Sport', 'sport', NULL, NULL, '2022-09-20 14:40:28', '2022-09-20 14:40:28'),
	(9, 'TV e film', 'tv-e-film', NULL, 'https://via.placeholder.com/640x480.png/000088?text=animals+similique', '2022-09-20 14:40:28', '2022-09-20 14:40:28'),
	(10, 'Vestiti', 'vestiti', NULL, 'https://via.placeholder.com/640x480.png/006677?text=animals+magni', '2022-09-20 14:40:28', '2022-09-20 14:40:28');
/*!40000 ALTER TABLE `categories` ENABLE KEYS */;

-- Dump della struttura di tabella recap-join.orders
CREATE TABLE IF NOT EXISTS `orders` (
  `id` bigint(20) unsigned NOT NULL AUTO_INCREMENT,
  `code` varchar(16) COLLATE utf8mb4_unicode_ci NOT NULL,
  `shipping_address` varchar(256) COLLATE utf8mb4_unicode_ci NOT NULL,
  `user_id` bigint(20) unsigned NOT NULL,
  `created_at` timestamp NULL DEFAULT NULL,
  `updated_at` timestamp NULL DEFAULT NULL,
  PRIMARY KEY (`id`),
  UNIQUE KEY `orders_code_unique` (`code`),
  KEY `orders_user_id_foreign` (`user_id`),
  CONSTRAINT `orders_user_id_foreign` FOREIGN KEY (`user_id`) REFERENCES `users` (`id`) ON DELETE CASCADE ON UPDATE CASCADE
) ENGINE=InnoDB AUTO_INCREMENT=438 DEFAULT CHARSET=utf8mb4 COLLATE=utf8mb4_unicode_ci;

-- Dump dei dati della tabella recap-join.orders: ~437 rows (circa)
/*!40000 ALTER TABLE `orders` DISABLE KEYS */;
REPLACE INTO `orders` (`id`, `code`, `shipping_address`, `user_id`, `created_at`, `updated_at`) VALUES
	(1, 'ADSCJFWDUKXHKXOV', '434 Porter Island Suite 936\nJeanetteland, HI 11962-4985', 1, '2022-09-20 14:40:29', '2022-09-20 14:40:29'),
	(2, 'Z985RXGDZZVMNK5K', '75454 Adolphus Route\nEast Layla, CO 94326', 1, '2022-09-20 14:40:29', '2022-09-20 14:40:29'),
	(3, 'RE0DIWN3LOBUNDKN', '2599 Damien Meadows\nKertzmannfurt, NV 10766', 1, '2022-09-20 14:40:29', '2022-09-20 14:40:29'),
	(4, 'LBCWRJBSD6PQX1AU', '4028 Dach Club Suite 798\nVergiefurt, AK 77466', 1, '2022-09-20 14:40:29', '2022-09-20 14:40:29'),
	(5, 'JATHMIRF9VAEPKXS', '67934 Edgar Lake\nSouth Brandynmouth, MT 01567', 1, '2022-09-20 14:40:29', '2022-09-20 14:40:29'),
	(6, 'KOMFX3E5OK68QTVC', '953 Winston Island Suite 522\nJerdeburgh, MS 25093', 1, '2022-09-20 14:40:29', '2022-09-20 14:40:29'),
	(7, 'RL6MXCMUZRJAYVZH', '998 Kohler Street\nSouth Clarissatown, CO 47146', 1, '2022-09-20 14:40:29', '2022-09-20 14:40:29'),
	(8, 'RYSPDD4WNENQEJSJ', '776 Gerry Road Suite 538\nMoorefurt, VT 53374-3728', 1, '2022-09-20 14:40:29', '2022-09-20 14:40:29'),
	(9, '6YEGBORH6HNILQXZ', '51641 Joey Junctions Suite 667\nAltenwerthchester, OR 41513-4640', 1, '2022-09-20 14:40:29', '2022-09-20 14:40:29'),
	(10, 'GWDVSLBH54SLTROF', '70824 Madelyn Stream\nNorth Tristianview, WY 32846', 1, '2022-09-20 14:40:29', '2022-09-20 14:40:29'),
	(11, '8PWU9A2BBNK7UJUD', '5379 Monahan Ranch\nWest Luis, WV 94963-4825', 1, '2022-09-20 14:40:29', '2022-09-20 14:40:29'),
	(12, 'DKHHPGAJXYWLY0TW', '226 Claire Parkways\nSchroederfurt, SC 54001-2992', 1, '2022-09-20 14:40:29', '2022-09-20 14:40:29'),
	(13, '0PI8CBSBIQCPOCHG', '4122 Lindsay Island\nWest Andrewhaven, DC 92051', 1, '2022-09-20 14:40:29', '2022-09-20 14:40:29'),
	(14, 'HNOSL3YJ14HYFIGI', '3044 Meagan Vista\nNorth Ethylmouth, NJ 56993', 1, '2022-09-20 14:40:29', '2022-09-20 14:40:29'),
	(15, 'EIM6COPEO3WAWEUC', '680 Ashton Branch\nHeidenreichtown, AK 00866-2856', 1, '2022-09-20 14:40:29', '2022-09-20 14:40:29'),
	(16, 'ON5MTR5FYZRMG3JK', '53562 Beatty Ports\nNew Cassandra, AL 88375-7899', 1, '2022-09-20 14:40:29', '2022-09-20 14:40:29'),
	(17, '5U9YLCACFY42NSVF', '41461 Carli Ridges Apt. 036\nLake Verdiemouth, WY 29898-4648', 1, '2022-09-20 14:40:29', '2022-09-20 14:40:29'),
	(18, 'TAXWUYZEPKMYNGHZ', '35576 Rath Lights\nPort Maia, AZ 40582', 1, '2022-09-20 14:40:29', '2022-09-20 14:40:29'),
	(19, 'EJ8TUQ4ODYQDMARB', '104 Koepp Cove Suite 197\nPort Alden, WI 61449', 1, '2022-09-20 14:40:29', '2022-09-20 14:40:29'),
	(20, 'JYUTB5EL9KX8RS2N', '3550 Sebastian Stream\nPort Leanne, AL 56846-9924', 1, '2022-09-20 14:40:29', '2022-09-20 14:40:29'),
	(21, 'MXT51NQULRJ4OAWU', '3651 Nya Track Suite 415\nKuhicberg, IL 27437', 1, '2022-09-20 14:40:29', '2022-09-20 14:40:29'),
	(22, 'KRIEXBD9M7CQTTCC', '89216 Donavon Wall\nKerlukemouth, FL 29424', 1, '2022-09-20 14:40:29', '2022-09-20 14:40:29'),
	(23, '0PZJF4DAGBWXSZ8R', '666 Bradtke Lane Apt. 392\nLouiemouth, AZ 09789-9775', 1, '2022-09-20 14:40:29', '2022-09-20 14:40:29'),
	(24, '8BQVSXFKZUCTFCQA', '341 Estrella Rue\nWest Alexanderhaven, WI 85142', 1, '2022-09-20 14:40:29', '2022-09-20 14:40:29'),
	(25, '3ABQIIHV3XNEUGCL', '84742 Lind Bridge Apt. 408\nSouth Johnathan, CO 73391', 2, '2022-09-20 14:40:29', '2022-09-20 14:40:29'),
	(26, 'LKHXYICIWQH1HO9O', '9313 Wilburn Canyon\nSouth Yvonne, UT 06846-5340', 2, '2022-09-20 14:40:29', '2022-09-20 14:40:29'),
	(27, 'DAKWRTHIHCFEMPJO', '77775 Weimann Village Suite 166\nPort Nannie, MO 69647', 2, '2022-09-20 14:40:29', '2022-09-20 14:40:29'),
	(28, 'MZOIAIDFFUXA0RDM', '62000 Zemlak Mountains\nStammburgh, PA 97037', 2, '2022-09-20 14:40:29', '2022-09-20 14:40:29'),
	(29, 'FQ0QGVAMKD8V4BLY', '4306 Ronaldo Groves\nDibbertview, AL 79813', 2, '2022-09-20 14:40:29', '2022-09-20 14:40:29'),
	(30, 'WV8W16JCZJ6X5WZY', '546 Briana Passage Apt. 568\nEast Emersonshire, KS 75972', 2, '2022-09-20 14:40:29', '2022-09-20 14:40:29'),
	(31, 'QIKYFXIAW6FUDHL8', '8620 Garnet Fords Apt. 341\nLake Rebeccastad, VT 36624', 2, '2022-09-20 14:40:29', '2022-09-20 14:40:29'),
	(32, 'NWOFAR5J2OLYSGC0', '70058 Bartoletti Square Suite 200\nEast Evelynland, CT 49197-5877', 2, '2022-09-20 14:40:29', '2022-09-20 14:40:29'),
	(33, 'RMJOLLDN08FK4HQP', '63745 Elva Shore\nNew Napoleonchester, IA 92588-9000', 2, '2022-09-20 14:40:29', '2022-09-20 14:40:29'),
	(34, 'Z7ILDX2Q4A7VJL4Z', '5870 Denesik Springs Apt. 535\nCarolanneside, DE 53940', 2, '2022-09-20 14:40:29', '2022-09-20 14:40:29'),
	(35, 'OOFKQDV7UB9JG3QX', '490 Torrey Fork Suite 985\nLake Felicity, UT 57628', 2, '2022-09-20 14:40:29', '2022-09-20 14:40:29'),
	(36, 'BAESX50BSE8OXG4X', '2863 Muller Burgs\nCamrenberg, WA 32248', 2, '2022-09-20 14:40:29', '2022-09-20 14:40:29'),
	(37, 'QTGNN5XYGAWWNJW7', '1031 Danyka Center\nLake Aron, VA 78535', 2, '2022-09-20 14:40:29', '2022-09-20 14:40:29'),
	(38, 'DDS24TIZUKHB3S7H', '9919 Tanner Hills\nEast Anastacio, NH 59846-6957', 2, '2022-09-20 14:40:29', '2022-09-20 14:40:29'),
	(39, 'RZODG2LUFRW8WOSE', '129 Felicity Knolls\nYolandafort, WV 17491', 2, '2022-09-20 14:40:29', '2022-09-20 14:40:29'),
	(40, 'DV8EV0CSVJHCVUII', '7496 Elton Plaza Suite 848\nWest Tyrelltown, OH 02921-0492', 2, '2022-09-20 14:40:29', '2022-09-20 14:40:29'),
	(41, 'C4XQCEGF75GAAEFN', '3404 Susie Viaduct\nMorarville, IA 87934-1497', 2, '2022-09-20 14:40:29', '2022-09-20 14:40:29'),
	(42, 'EKJ4MFPTTRDDQQLZ', '960 Deonte Prairie Suite 190\nPort Tamara, SC 16105-3808', 2, '2022-09-20 14:40:29', '2022-09-20 14:40:29'),
	(43, 'EKDECFDJLNCUN6LB', '94615 Eli Locks\nSouth Robynborough, HI 87838', 2, '2022-09-20 14:40:29', '2022-09-20 14:40:29'),
	(44, 'U3C8ENCFOOHOUDD7', '9569 Gusikowski Roads Suite 374\nSouth Hudson, WI 14447-7039', 2, '2022-09-20 14:40:29', '2022-09-20 14:40:29'),
	(45, '0ALSPNGS0HNP7EHV', '650 Durgan Terrace\nPort Aisha, MN 30277-8013', 2, '2022-09-20 14:40:29', '2022-09-20 14:40:29'),
	(46, '1PSKGKBL5ETC07SM', '511 O\'Connell Turnpike\nSouth Cordeliafurt, KS 28236', 2, '2022-09-20 14:40:29', '2022-09-20 14:40:29'),
	(47, 'O5J8CKG3CRWQ6PLQ', '7850 Barton Freeway Suite 434\nLake Luzmouth, DE 24501', 2, '2022-09-20 14:40:29', '2022-09-20 14:40:29'),
	(48, 'ZIU5UNFASFW0JPHP', '85764 Mozelle Islands Apt. 799\nAdamsburgh, ME 72428', 2, '2022-09-20 14:40:29', '2022-09-20 14:40:29'),
	(49, 'PKSKABGNQO3CVFCP', '8525 McCullough Island Apt. 449\nLoweborough, MO 11452-7530', 2, '2022-09-20 14:40:29', '2022-09-20 14:40:29'),
	(50, 'RT2RLTVL776MRV6V', '3528 Mante Squares\nNorth Susie, VA 47905-3084', 2, '2022-09-20 14:40:29', '2022-09-20 14:40:29'),
	(51, 'G2NWBL6CMVY5ECL5', '16676 Fannie Island\nCristophertown, SC 54653', 2, '2022-09-20 14:40:29', '2022-09-20 14:40:29'),
	(52, '0WVYZYWWZTILGGA0', '75152 Goodwin Glens Apt. 689\nJaskolskiside, MD 14739-7795', 2, '2022-09-20 14:40:29', '2022-09-20 14:40:29'),
	(53, 'GYY3ZYQXEBRYCBEE', '4188 Stehr Drive\nEast Stephania, IA 00582', 2, '2022-09-20 14:40:29', '2022-09-20 14:40:29'),
	(54, 'O1DSLYTPDIJ3I50C', '948 Erin Spurs\nBessiechester, ID 58689-7662', 2, '2022-09-20 14:40:29', '2022-09-20 14:40:29'),
	(55, 'DICTEXJG6OPHBDEU', '185 Bergstrom Shoals Apt. 215\nWaltertown, FL 02582-4009', 3, '2022-09-20 14:40:30', '2022-09-20 14:40:30'),
	(56, 'YEXFJQA38M7NF43O', '577 Courtney Lodge\nNew Cortez, DC 40949-3951', 3, '2022-09-20 14:40:30', '2022-09-20 14:40:30'),
	(57, 'AAMBYNDMR9IDOK2Z', '92391 Antonietta Plains Suite 302\nJulianaport, VT 15438-3117', 3, '2022-09-20 14:40:30', '2022-09-20 14:40:30'),
	(58, 'ZKQCJCB8JFKAS3Q9', '2701 Eleazar Village\nEast Myrtisstad, WA 80450-9169', 3, '2022-09-20 14:40:30', '2022-09-20 14:40:30'),
	(59, 'ZF7JMOKODV1Z9HYO', '573 Haley Trail Suite 235\nEast Jalon, OR 90986', 3, '2022-09-20 14:40:30', '2022-09-20 14:40:30'),
	(60, '4M84RCP4GDS9DHMS', '39071 Anderson Mountains\nBoview, TX 37947', 3, '2022-09-20 14:40:30', '2022-09-20 14:40:30'),
	(61, 'B7CLU2KQZLAEPEWI', '5842 Wilma Harbor Suite 269\nWilkinsonport, WI 98190', 3, '2022-09-20 14:40:30', '2022-09-20 14:40:30'),
	(62, 'X8YKZ0DZR7H2NJ2P', '88598 Augustus Path Apt. 699\nSouth Daisy, KS 62286', 3, '2022-09-20 14:40:30', '2022-09-20 14:40:30'),
	(63, '6QCOHUM9B1PC6BGQ', '400 Metz Mission\nEast Evert, HI 88886-3125', 3, '2022-09-20 14:40:30', '2022-09-20 14:40:30'),
	(64, 'ARULUP0W5R2L27R8', '4108 Wisoky Orchard Suite 131\nNew Mazieland, DE 83317', 3, '2022-09-20 14:40:30', '2022-09-20 14:40:30'),
	(65, 'UUNWNASYUEVTGZ9O', '2498 Annamae Street\nJohnathanport, ND 58852-5427', 3, '2022-09-20 14:40:30', '2022-09-20 14:40:30'),
	(66, 'EUJYNCA8KUJELTNF', '463 Charlene Highway\nPort Cecelia, MT 97116-4383', 3, '2022-09-20 14:40:30', '2022-09-20 14:40:30'),
	(67, '2IGIGJZUL9HUVQZY', '95977 Stanley Neck Suite 972\nMacieburgh, MO 42839', 3, '2022-09-20 14:40:30', '2022-09-20 14:40:30'),
	(68, 'WDJF05SDNECZCPFV', '3796 Fleta Wall\nWest Mikel, NY 50774', 3, '2022-09-20 14:40:30', '2022-09-20 14:40:30'),
	(69, 'Y74T8EMKP8ZYLZFZ', '6487 Hayes Squares\nWest Jaydabury, RI 51606-8814', 3, '2022-09-20 14:40:30', '2022-09-20 14:40:30'),
	(70, 'GDB4PDWV9UHREN4L', '90574 Pablo Row Suite 415\nBereniceside, IN 06510-0491', 3, '2022-09-20 14:40:30', '2022-09-20 14:40:30'),
	(71, '01QERST13QQKZCGP', '2641 Jacobs Coves\nLake Karli, OR 97012', 3, '2022-09-20 14:40:30', '2022-09-20 14:40:30'),
	(72, '3ATL3GQI72JKHSEN', '14273 Keith Fall\nNew Lucieport, VA 19768', 3, '2022-09-20 14:40:30', '2022-09-20 14:40:30'),
	(73, 'UGATBU4JMRFKNSVC', '504 Name Lane Apt. 967\nPort Marjolaine, NJ 41671', 4, '2022-09-20 14:40:30', '2022-09-20 14:40:30'),
	(74, 'WZZR6XMTDQQD8TKM', '28898 Kamron Lodge Suite 193\nMaggiomouth, SC 41893-0085', 4, '2022-09-20 14:40:30', '2022-09-20 14:40:30'),
	(75, 'LTEXCHRUWANKQKVM', '8533 Dooley Branch\nWest Caterina, SC 30532-2371', 4, '2022-09-20 14:40:30', '2022-09-20 14:40:30'),
	(76, 'EAJGHUUCFVAUE3MB', '6131 Spencer Mills\nNorth Bayleetown, AZ 65705', 4, '2022-09-20 14:40:30', '2022-09-20 14:40:30'),
	(77, '9PSJVS6CYELCZHVF', '33185 O\'Hara View Apt. 998\nMcDermottfort, NY 34222', 4, '2022-09-20 14:40:30', '2022-09-20 14:40:30'),
	(78, 'ZGL04U5DUIPWIZVD', '4137 Montana Rue Suite 689\nRunolfssontown, OH 95475', 4, '2022-09-20 14:40:30', '2022-09-20 14:40:30'),
	(79, 'GZQQAGFXRE96XVGS', '27788 Dedric Forest\nSouth Jaydon, NM 50998', 4, '2022-09-20 14:40:30', '2022-09-20 14:40:30'),
	(80, 'V4PAKXRLPZKVAYKX', '263 Bartoletti Path Suite 983\nNorth Lilytown, AL 50172-6899', 4, '2022-09-20 14:40:30', '2022-09-20 14:40:30'),
	(81, 'PH3LUEOQTSHMTDG4', '4585 Dane Radial\nPort Nyahaven, MO 17375', 5, '2022-09-20 14:40:30', '2022-09-20 14:40:30'),
	(82, 'EZGBYODVSCSMT10F', '95324 Sadie Manors Suite 577\nClevestad, GA 34369-3663', 5, '2022-09-20 14:40:30', '2022-09-20 14:40:30'),
	(83, 'OKJNJS2KBUTVXQO1', '461 Bartoletti Spur\nPort Lew, KY 49918-7589', 5, '2022-09-20 14:40:30', '2022-09-20 14:40:30'),
	(84, 'DP4HLYBBNHENAM0N', '212 Upton Viaduct\nPort Clint, KS 28680-5202', 5, '2022-09-20 14:40:30', '2022-09-20 14:40:30'),
	(85, 'JTGL9CE18UK7ENKZ', '7102 Larry Canyon Suite 119\nFadelbury, TX 27428-2385', 5, '2022-09-20 14:40:30', '2022-09-20 14:40:30'),
	(86, '8RBBYHWTKECXMYZ0', '44230 Schamberger Lane\nNorth Blancheborough, MD 14174-7375', 5, '2022-09-20 14:40:30', '2022-09-20 14:40:30'),
	(87, 'VVWWROJCM831LGBA', '47335 Cole Stravenue\nPort Ilenefurt, CT 70986', 5, '2022-09-20 14:40:30', '2022-09-20 14:40:30'),
	(88, 'TSYJJ4ZPLIGIEBMH', '33224 Marquardt Fort\nSteubershire, LA 25609-1650', 6, '2022-09-20 14:40:30', '2022-09-20 14:40:30'),
	(89, '6R4SCONHDN6L0RXQ', '18028 Alford Shores Apt. 820\nRigobertoville, VA 90336', 7, '2022-09-20 14:40:30', '2022-09-20 14:40:30'),
	(90, 'OD8PQPGE0TQBC0IK', '85525 Dallas Turnpike Suite 474\nLubowitzport, NY 91749-5364', 7, '2022-09-20 14:40:30', '2022-09-20 14:40:30'),
	(91, 'E5PZOI9DHHOPUZON', '5401 Enrico Glens\nRoweborough, WY 89582', 7, '2022-09-20 14:40:30', '2022-09-20 14:40:30'),
	(92, 'OL0CGT6O4E9PZQ35', '2603 Bauch Road Apt. 792\nPort Torrance, KS 11684', 7, '2022-09-20 14:40:30', '2022-09-20 14:40:30'),
	(93, '9OH6SIOPNCHHW2BF', '2594 Burnice Greens\nAdolphuschester, ME 45586-8481', 7, '2022-09-20 14:40:30', '2022-09-20 14:40:30'),
	(94, 'H4AX9EFYXP2ZKTYO', '3304 Dickens Stravenue\nPort Elda, MO 26597', 7, '2022-09-20 14:40:30', '2022-09-20 14:40:30'),
	(95, 'ROZHBSYWWYHKBREG', '47863 Glover Square\nLake Elvisburgh, WV 00309', 7, '2022-09-20 14:40:30', '2022-09-20 14:40:30'),
	(96, 'QYKAOHJC9C9DCU9L', '97417 Mayra Falls\nAbshireburgh, AZ 74180', 7, '2022-09-20 14:40:30', '2022-09-20 14:40:30'),
	(97, 'WBJH1OAGSSANNP9Z', '941 Leuschke Terrace\nDoylefurt, MD 54631-8870', 7, '2022-09-20 14:40:30', '2022-09-20 14:40:30'),
	(98, 'SQH1B4N2KYRRKGST', '3120 Roosevelt Lodge\nPort Adalberto, VA 43878', 7, '2022-09-20 14:40:30', '2022-09-20 14:40:30'),
	(99, 'QU1W9XKFEQSBOFMX', '1865 Bergnaum Vista\nGreenholtfort, MI 67516-2873', 7, '2022-09-20 14:40:30', '2022-09-20 14:40:30'),
	(100, 'DVTIJ4RA0ECNVYTT', '844 Upton Ports\nNew Uriahberg, WI 49742-9344', 7, '2022-09-20 14:40:30', '2022-09-20 14:40:30'),
	(101, 'B5PXQDNPKRK3Q65U', '57501 Bogisich Drive Apt. 891\nJamiltown, KY 43235-9265', 7, '2022-09-20 14:40:30', '2022-09-20 14:40:30'),
	(102, 'ITIZN5GPEUVT7MRA', '1157 Lily Track\nMaddisonstad, GA 86562-2183', 8, '2022-09-20 14:40:31', '2022-09-20 14:40:31'),
	(103, 'QCIFBQYXONM9AJFL', '54533 Goodwin Roads Apt. 317\nMaggioland, NJ 13983-1658', 8, '2022-09-20 14:40:31', '2022-09-20 14:40:31'),
	(104, 'YCSC9DLPY2GTXVFE', '4289 Virginie Gardens Suite 128\nEast Dexterton, SC 75594', 8, '2022-09-20 14:40:31', '2022-09-20 14:40:31'),
	(105, '8KZXKOWKM7CDZEPY', '249 Kessler Harbor Suite 875\nLake Art, DE 51720', 8, '2022-09-20 14:40:31', '2022-09-20 14:40:31'),
	(106, 'KBYCQZDRC9UJWJUV', '584 Genevieve Plaza\nSouth Gayle, NE 05585-2769', 8, '2022-09-20 14:40:31', '2022-09-20 14:40:31'),
	(107, 'DNA45WP3HEGSDGDY', '386 Jacinthe Station Apt. 072\nRueckerchester, AK 42695', 8, '2022-09-20 14:40:31', '2022-09-20 14:40:31'),
	(108, '5PCT5IH3BFVMIWWG', '63029 Emile Cliffs Suite 424\nEast Keatonborough, OK 69963-9899', 8, '2022-09-20 14:40:31', '2022-09-20 14:40:31'),
	(109, 'PR89ST33HNATWYZB', '9407 Breitenberg Tunnel\nLake Sylvanshire, FL 44639-2122', 8, '2022-09-20 14:40:31', '2022-09-20 14:40:31'),
	(110, 'QP2XLOJ0B3COFAKK', '4209 Kirsten Stravenue Apt. 693\nWest Abigalefurt, NE 27349-5616', 9, '2022-09-20 14:40:31', '2022-09-20 14:40:31'),
	(111, '1HTMLDHP3LSTBKD0', '15747 Joey Square Suite 425\nNorth Katheryn, IL 66126', 9, '2022-09-20 14:40:31', '2022-09-20 14:40:31'),
	(112, 'N3J2UYFVHI1PDSRS', '5038 Rebeca Ways\nColeshire, IN 57624', 9, '2022-09-20 14:40:31', '2022-09-20 14:40:31'),
	(113, 'FR85ZJO13TEJEMU3', '281 Streich Meadow\nCrystelfort, IN 62994', 9, '2022-09-20 14:40:31', '2022-09-20 14:40:31'),
	(114, 'SPCWG5GTLRCPYL60', '721 Hickle Station Apt. 255\nLake Stefanfurt, MA 40625', 9, '2022-09-20 14:40:31', '2022-09-20 14:40:31'),
	(115, 'I4GDHJYMPIFMEXSA', '15872 Mayer Mount\nNew Myrlmouth, DE 03898', 9, '2022-09-20 14:40:31', '2022-09-20 14:40:31'),
	(116, 'KRRS0BXQJ1IILYOC', '2416 Giuseppe Shoal\nLake Maxwellview, NV 99989', 9, '2022-09-20 14:40:31', '2022-09-20 14:40:31'),
	(117, 'BHNO8YE25AEGVUYL', '7783 Murazik Island Apt. 392\nNorth Elvisborough, LA 58725-1920', 9, '2022-09-20 14:40:31', '2022-09-20 14:40:31'),
	(118, 'LNZEUBNITQLJXZXA', '188 Ziemann Tunnel\nNorth Damonville, OK 48481', 9, '2022-09-20 14:40:31', '2022-09-20 14:40:31'),
	(119, 'XFVT9ATJUDGY4JSJ', '75901 Gordon Mill Suite 872\nLittelport, SD 15823', 9, '2022-09-20 14:40:31', '2022-09-20 14:40:31'),
	(120, 'BZDPHR7HGTWJ4PD5', '485 Powlowski Brook\nWittingfort, NJ 66626', 9, '2022-09-20 14:40:31', '2022-09-20 14:40:31'),
	(121, 'HFWCAM480QQHHBYT', '30906 Rod Meadows Apt. 397\nAlfonsoview, IN 29148-7521', 9, '2022-09-20 14:40:31', '2022-09-20 14:40:31'),
	(122, 'V73LRXLOF8P3SDJU', '41851 Adela Pine\nNorth Carlieton, WI 00537', 9, '2022-09-20 14:40:31', '2022-09-20 14:40:31'),
	(123, 'I675WXCD5WH6YDEF', '82335 Kihn Keys Suite 726\nWest Jess, MO 86340', 9, '2022-09-20 14:40:31', '2022-09-20 14:40:31'),
	(124, 'K6AYRQN5MICQM0H8', '4879 Verla Rue Apt. 193\nNorth Kaci, WA 55656-3681', 9, '2022-09-20 14:40:31', '2022-09-20 14:40:31'),
	(125, 'NBPYQ5P6PTG5RPGV', '3644 Watsica Court Suite 581\nPaucekfort, GA 36678', 9, '2022-09-20 14:40:31', '2022-09-20 14:40:31'),
	(126, 'UB8MO9DVWQSHESA7', '1437 Kamren Terrace Suite 109\nYostville, GA 54415', 9, '2022-09-20 14:40:31', '2022-09-20 14:40:31'),
	(127, 'K5Y1WVPSTS8TK9IH', '54860 McLaughlin Pass\nNorth Jaquanfort, WI 77505', 9, '2022-09-20 14:40:31', '2022-09-20 14:40:31'),
	(128, 'BHSPTE1KWTHOW2JA', '24583 Blick River\nDaronhaven, OK 68214-4104', 9, '2022-09-20 14:40:31', '2022-09-20 14:40:31'),
	(129, 'J4G6REVRND4PGLWF', '28430 Rowland Gateway\nEast Alvena, LA 97303', 9, '2022-09-20 14:40:31', '2022-09-20 14:40:31'),
	(130, 'CTBURIWBOY68OHUD', '654 O\'Connell Prairie\nQuigleymouth, AR 70881', 9, '2022-09-20 14:40:31', '2022-09-20 14:40:31'),
	(131, 'E83DCAZPGZYEXQJL', '38783 Hamill Crescent\nO\'Reillyport, CA 55873', 9, '2022-09-20 14:40:31', '2022-09-20 14:40:31'),
	(132, 'ZDO5BPJEJG0W1M3X', '5650 Liana Union Apt. 066\nLake Micah, ID 41948', 10, '2022-09-20 14:40:31', '2022-09-20 14:40:31'),
	(133, 'HWQAPPLQDSCYNWT2', '64469 Hyatt Glen\nMakennafort, MS 15077-9649', 10, '2022-09-20 14:40:31', '2022-09-20 14:40:31'),
	(134, '7IC5YPO5EAUOYMKV', '31694 Homenick Pike\nNew Olafville, NM 05574', 10, '2022-09-20 14:40:31', '2022-09-20 14:40:31'),
	(135, 'UVP0BGZIK8EKGSDJ', '893 Augustine Island\nSchustertown, NJ 44946', 10, '2022-09-20 14:40:31', '2022-09-20 14:40:31'),
	(136, '2TRGXGWXXYMCAFHY', '205 Rosenbaum Isle Suite 298\nD\'Amorechester, AK 39487-9587', 10, '2022-09-20 14:40:31', '2022-09-20 14:40:31'),
	(137, 'DWIIQL6ICK3CNEWV', '9957 Gislason Extensions Apt. 082\nLake Kendrickburgh, NM 30590-6776', 10, '2022-09-20 14:40:31', '2022-09-20 14:40:31'),
	(138, 'XJBKLJH6DTKQW7CM', '387 Macey Inlet\nMillsland, NC 81431', 11, '2022-09-20 14:40:31', '2022-09-20 14:40:31'),
	(139, 'IRMNI6CTP1SWM61Y', '7721 Carson Crossing\nEast Daphnemouth, IL 14925', 11, '2022-09-20 14:40:31', '2022-09-20 14:40:31'),
	(140, 'SPL1ILJ0TEENLWBF', '829 Talia Groves\nEast Mabelstad, HI 79396', 11, '2022-09-20 14:40:31', '2022-09-20 14:40:31'),
	(141, '3WQBLPYSGE7PGRA8', '2873 Lea Road\nLake Patsyfurt, WA 33143', 11, '2022-09-20 14:40:31', '2022-09-20 14:40:31'),
	(142, 'FGH0JS0CKIDTNWVD', '32915 Kristian Isle Apt. 256\nSouth Darriontown, MO 98258', 11, '2022-09-20 14:40:31', '2022-09-20 14:40:31'),
	(143, '0UUQCAHFZCTD2REV', '340 Bernhard Isle\nNorth Rogersview, VA 66117-7202', 11, '2022-09-20 14:40:31', '2022-09-20 14:40:31'),
	(144, 'DQPZOOA3XMQCGVMS', '348 Brekke Fields\nSherwoodland, OH 82224', 11, '2022-09-20 14:40:31', '2022-09-20 14:40:31'),
	(145, 'JQD5VYDBKJ1UEDJU', '75868 Mertz Expressway\nNew Zettaton, NM 86295-4660', 11, '2022-09-20 14:40:31', '2022-09-20 14:40:31'),
	(146, 'N7PFRBUE94TGOHNW', '209 Jeanette Brooks\nCarolinatown, KY 47957', 11, '2022-09-20 14:40:31', '2022-09-20 14:40:31'),
	(147, 'UML4D4XYKJSJPPUH', '854 Osbaldo Lights\nTyraburgh, AK 34394', 11, '2022-09-20 14:40:31', '2022-09-20 14:40:31'),
	(148, 'EQKAHYLL3LIUCK63', '2010 Leo Rapids Apt. 570\nLake Zula, MN 68420', 11, '2022-09-20 14:40:31', '2022-09-20 14:40:31'),
	(149, 'TEMZB5JAJIVDZGG0', '83329 Beier Square\nPort Erna, RI 20522', 11, '2022-09-20 14:40:31', '2022-09-20 14:40:31'),
	(150, 'AV6QC5PHQKQUU2JC', '83977 Meta Ramp\nWilkinsontown, NE 64591', 11, '2022-09-20 14:40:31', '2022-09-20 14:40:31'),
	(151, 'D0IUE9SKR4CYTMWM', '4286 Veronica Unions Suite 861\nRickymouth, IL 25172', 11, '2022-09-20 14:40:31', '2022-09-20 14:40:31'),
	(152, 'GOFW50DC0RVWOJQW', '45388 Schulist Lock Apt. 657\nQuincychester, RI 56415-8791', 11, '2022-09-20 14:40:31', '2022-09-20 14:40:31'),
	(153, 'DXVLFENU9ESINHZX', '5693 Abe Dale Suite 187\nPort Raphaelmouth, CT 03206', 11, '2022-09-20 14:40:31', '2022-09-20 14:40:31'),
	(154, '7Z87BGWHAML2BPVQ', '785 Silas Bypass\nSouth Bernardtown, ND 73088', 11, '2022-09-20 14:40:31', '2022-09-20 14:40:31'),
	(155, 'Y2LAP8QTB4TT5TBW', '173 Fisher Forges\nOpheliashire, PA 14519', 11, '2022-09-20 14:40:31', '2022-09-20 14:40:31'),
	(156, 'Y5ZTHUZPJHUN6RTV', '316 Zboncak Radial\nEast Margarethaven, IN 61735', 11, '2022-09-20 14:40:31', '2022-09-20 14:40:31'),
	(157, 'X1UEUI0FE4PMFQV1', '4087 Jamaal Ferry Apt. 370\nEffertzchester, MD 45473-3976', 12, '2022-09-20 14:40:32', '2022-09-20 14:40:32'),
	(158, 'HBI9PZQT3TWBWVHP', '87971 Patsy Points\nWest Ayla, OR 01093', 12, '2022-09-20 14:40:32', '2022-09-20 14:40:32'),
	(159, 'XE5IBGTOPBMIS0S3', '309 Moore Stream Apt. 407\nSouth Dasiaborough, AR 29701', 12, '2022-09-20 14:40:32', '2022-09-20 14:40:32'),
	(160, 'RPMUC5QSGBGSNUWS', '73278 Dale Skyway Suite 503\nCorkerychester, NH 90825-8235', 12, '2022-09-20 14:40:32', '2022-09-20 14:40:32'),
	(161, '4XDVGXSBIIAG7H3K', '9690 Shanna Mountain Suite 892\nSchaeferfurt, NJ 91023', 12, '2022-09-20 14:40:32', '2022-09-20 14:40:32'),
	(162, 'KKJWW3ZAMW1KHKED', '387 Brown Courts Apt. 875\nPort Kasey, TN 03354', 12, '2022-09-20 14:40:32', '2022-09-20 14:40:32'),
	(163, 'O7DQ9KLQIIFSXEQA', '942 Harvey Trail Suite 340\nWest Terryshire, TX 76292', 12, '2022-09-20 14:40:32', '2022-09-20 14:40:32'),
	(164, 'UNVX4FIEKMPKNO4F', '69890 Daron Mountain Suite 788\nWest Minaborough, TN 57536', 12, '2022-09-20 14:40:32', '2022-09-20 14:40:32'),
	(165, 'C7LYNUPDGTFEQTO6', '7358 Gust Club Apt. 301\nWest Sophieside, DC 58500', 12, '2022-09-20 14:40:32', '2022-09-20 14:40:32'),
	(166, '0WLSCTQYWTRIDPBT', '4908 Nyah Ranch\nBransonview, MD 08257-4179', 12, '2022-09-20 14:40:32', '2022-09-20 14:40:32'),
	(167, 'RNJTZBUUSKOJ4M4O', '4111 Gerlach River\nLindton, AZ 17791', 12, '2022-09-20 14:40:32', '2022-09-20 14:40:32'),
	(168, 'OHYMIFQSQBMWIKJ7', '3365 Romaguera Street\nNew Jefftown, KS 62943-9601', 12, '2022-09-20 14:40:32', '2022-09-20 14:40:32'),
	(169, 'JYWWZ1OQSX6ARAOT', '957 Jalyn Fork\nNew Charitychester, IL 58200-9934', 12, '2022-09-20 14:40:32', '2022-09-20 14:40:32'),
	(170, 'UPSH7NVDX9BXCIVT', '3422 Demario Parks Apt. 025\nNew Samson, NM 05787-5132', 12, '2022-09-20 14:40:32', '2022-09-20 14:40:32'),
	(171, 'FPIIBVLBRAA71PZP', '83526 Otis Highway\nEast Elenora, PA 53122', 12, '2022-09-20 14:40:32', '2022-09-20 14:40:32'),
	(172, 'PBLVYOYI3X9FNBWW', '68604 Armstrong Greens Suite 702\nNew Judeville, PA 65695-0617', 12, '2022-09-20 14:40:32', '2022-09-20 14:40:32'),
	(173, 'QATXWUBDWVMYK19Q', '5134 Rice Drive Apt. 106\nBonitabury, AZ 57814', 12, '2022-09-20 14:40:32', '2022-09-20 14:40:32'),
	(174, 'AAZUXKOF0R8DZZJ0', '483 Strosin Stream Apt. 172\nWest Kade, TX 39910-0265', 12, '2022-09-20 14:40:32', '2022-09-20 14:40:32'),
	(175, 'JCHATCWXXV6IX7YC', '6043 Ayana Curve Apt. 630\nJohnsonborough, TX 38719-8583', 12, '2022-09-20 14:40:32', '2022-09-20 14:40:32'),
	(176, 'GGEEYMLVVHFACGNH', '9055 Damaris Stravenue\nQuitzonborough, VA 09271-9104', 12, '2022-09-20 14:40:32', '2022-09-20 14:40:32'),
	(177, 'CROCC1ONQYJPPL8U', '22563 Cartwright Prairie\nGussieland, GA 79026', 12, '2022-09-20 14:40:32', '2022-09-20 14:40:32'),
	(178, '3NTH1YWVOZIPT9FF', '59289 Treutel Centers Apt. 157\nRobelview, ME 38120', 12, '2022-09-20 14:40:32', '2022-09-20 14:40:32'),
	(179, 'XJZBHMTOTWYI7S2B', '6630 Boyer Neck Apt. 413\nNew Jordaneport, NC 45599-1455', 12, '2022-09-20 14:40:32', '2022-09-20 14:40:32'),
	(180, 'HP7QHVDUQITJKXGI', '493 Kozey Square Apt. 405\nHettingerberg, MI 08477', 12, '2022-09-20 14:40:32', '2022-09-20 14:40:32'),
	(181, 'YQVPXAAYCBMYXJWL', '5940 Raynor Dale Suite 375\nNorth Erwinchester, NE 52883', 12, '2022-09-20 14:40:32', '2022-09-20 14:40:32'),
	(182, 'E2UQYDCFKMCFDINY', '5164 Sheldon Fort\nAbigayleview, CO 68197-5206', 12, '2022-09-20 14:40:32', '2022-09-20 14:40:32'),
	(183, 'BISKLUDQXZKYRUYX', '47585 Kshlerin Isle Apt. 820\nKalemouth, IA 46677', 12, '2022-09-20 14:40:32', '2022-09-20 14:40:32'),
	(184, 'XUNNIYW6CZOYRDBQ', '49473 Albin Well\nBraunfurt, AK 87911', 13, '2022-09-20 14:40:32', '2022-09-20 14:40:32'),
	(185, 'QWAD4QF746HXE0S9', '59790 Bradford Knoll\nWest Lia, MS 17586-9189', 13, '2022-09-20 14:40:32', '2022-09-20 14:40:32'),
	(186, '1TWVX4UXY9VRG2DQ', '75744 Lindgren Ferry\nNatashashire, SD 59567', 13, '2022-09-20 14:40:32', '2022-09-20 14:40:32'),
	(187, '4QPSX3IBHNI970B6', '89471 Stanton Junctions Apt. 237\nWest Jewell, NM 21074-2231', 13, '2022-09-20 14:40:32', '2022-09-20 14:40:32'),
	(188, 'FDCBDTIISXF1TRBI', '7143 Mikayla Ville Suite 518\nAylamouth, AL 04700', 13, '2022-09-20 14:40:32', '2022-09-20 14:40:32'),
	(189, 'FYJR227MDPCHAY5I', '94979 Isaac Valley\nPort Litzymouth, PA 48356', 13, '2022-09-20 14:40:32', '2022-09-20 14:40:32'),
	(190, 'A6SE5AP7OIUSFZC6', '647 Schmeler Stream Suite 653\nSouth Diamondhaven, OK 99468-6778', 13, '2022-09-20 14:40:32', '2022-09-20 14:40:32'),
	(191, '7GKLVLNUH4YTKU8H', '1264 Johns Hollow\nAudreanneport, NY 49352-6514', 13, '2022-09-20 14:40:32', '2022-09-20 14:40:32'),
	(192, '1EQKDCEJKELBMKSS', '235 Saige Ramp\nEast Herminiafort, CO 37747', 13, '2022-09-20 14:40:32', '2022-09-20 14:40:32'),
	(193, 'DUQOVPYVLH6MESAH', '2339 Elroy Spurs\nWest Maureen, RI 24464-3339', 13, '2022-09-20 14:40:32', '2022-09-20 14:40:32'),
	(194, 'WMYLXWBE5UUHDLLP', '61745 Stracke Radial\nCronaside, GA 37987', 13, '2022-09-20 14:40:32', '2022-09-20 14:40:32'),
	(195, 'W8FZHZQ7BD5Z5IE0', '9073 Rowland Circle\nSchinnerbury, MI 13764', 13, '2022-09-20 14:40:32', '2022-09-20 14:40:32'),
	(196, 'YEFOSFEHKMBJFNMM', '71845 Hellen Passage\nHamillchester, MA 13889', 13, '2022-09-20 14:40:32', '2022-09-20 14:40:32'),
	(197, 'PELVZMW64H3YSGXS', '423 Stanton Glen Apt. 063\nSouth Hillardtown, NV 51403', 13, '2022-09-20 14:40:32', '2022-09-20 14:40:32'),
	(198, 'ZJVDT9ISVUP3YGFM', '1411 Hermann Mountains Suite 281\nArmaniside, OR 11324', 13, '2022-09-20 14:40:32', '2022-09-20 14:40:32'),
	(199, 'KTP8QZRJODZHH6HQ', '1303 Kassulke Meadows\nNew Earnestside, NJ 40467', 13, '2022-09-20 14:40:32', '2022-09-20 14:40:32'),
	(200, 'QF28IZLIEOSOKH8F', '2882 Viviane Knoll Suite 250\nBeattyhaven, AZ 29745', 14, '2022-09-20 14:40:32', '2022-09-20 14:40:32'),
	(201, 'Z2SRE63CKK0FCD9R', '12394 Jaskolski Radial\nStammmouth, TX 76016-5641', 14, '2022-09-20 14:40:33', '2022-09-20 14:40:33'),
	(202, 'IWWNKQK5FX875FZC', '14578 Hilpert Turnpike\nEast Katelyn, ND 85995-0149', 14, '2022-09-20 14:40:33', '2022-09-20 14:40:33'),
	(203, 'RGUQLSMNL2EZGN87', '64866 Hoeger Meadow\nAnkundingchester, IL 97488-5107', 15, '2022-09-20 14:40:33', '2022-09-20 14:40:33'),
	(204, 'GGA6NXXPHMYAXENP', '7600 Rosalind Ferry Apt. 454\nBeattymouth, MT 45939-4834', 15, '2022-09-20 14:40:33', '2022-09-20 14:40:33'),
	(205, 'PW40WBM0HY6BG1FB', '14673 Irma Junction Suite 352\nEast Helen, CO 18905', 15, '2022-09-20 14:40:33', '2022-09-20 14:40:33'),
	(206, 'V89NTUBPKI3D1ZMI', '699 Leanna Courts\nEast Janet, SC 52729-6526', 15, '2022-09-20 14:40:33', '2022-09-20 14:40:33'),
	(207, 'M9WWNVX8VLKI0AQQ', '66320 Lemke Meadow\nNorth Idell, NM 00806', 15, '2022-09-20 14:40:33', '2022-09-20 14:40:33'),
	(208, 'ZVLO23DCJ5J5DB1S', '3756 Ortiz Lodge\nAudreyville, IN 51224', 15, '2022-09-20 14:40:33', '2022-09-20 14:40:33'),
	(209, '8OP8RJ7MLDINJR2A', '4610 Bruen Walk Suite 244\nCronaside, VT 03876-4808', 15, '2022-09-20 14:40:33', '2022-09-20 14:40:33'),
	(210, 'DMMWJ8U44UI4BPPR', '15995 Paucek Court\nPort Hilario, PA 37437', 15, '2022-09-20 14:40:33', '2022-09-20 14:40:33'),
	(211, 'GAK2HXDPQPYVMSP6', '28081 Leuschke Landing\nWittingshire, DC 11002', 15, '2022-09-20 14:40:33', '2022-09-20 14:40:33'),
	(212, 'U9PP1KB34KWG8OQC', '7771 Presley Lock Suite 979\nSigmundmouth, NH 11904', 15, '2022-09-20 14:40:33', '2022-09-20 14:40:33'),
	(213, 'BC8FDD3DLOLCX1SY', '4212 Rosalyn Branch Suite 906\nNew Justice, ME 80645', 15, '2022-09-20 14:40:33', '2022-09-20 14:40:33'),
	(214, 'TLIA7IEBAP81ZWSE', '960 Tillman Cove\nCummeratatown, AR 86164', 15, '2022-09-20 14:40:33', '2022-09-20 14:40:33'),
	(215, 'FM4JMBNKV6PGXQ6Q', '7948 Windler Islands\nLake Joy, GA 27640', 15, '2022-09-20 14:40:33', '2022-09-20 14:40:33'),
	(216, 'EVE50MTEBCRBCKTI', '498 Sauer Road\nWest Arvidmouth, DC 75328', 15, '2022-09-20 14:40:33', '2022-09-20 14:40:33'),
	(217, '5FDESOB3M6KXJK0F', '8292 Wolf Ridge\nGerholdport, OK 10107', 15, '2022-09-20 14:40:33', '2022-09-20 14:40:33'),
	(218, 'ONAL8ACJUX8VA1PA', '632 Lillian Island\nLake Alfreda, WA 17323-1471', 15, '2022-09-20 14:40:33', '2022-09-20 14:40:33'),
	(219, 'SSW6OW41PGYSAMN0', '719 Royce Glen\nSouth Eriberto, NC 13889-2498', 15, '2022-09-20 14:40:33', '2022-09-20 14:40:33'),
	(220, '87WH5NE0MDQLRPMU', '932 Winifred Lakes\nWest Lucasburgh, DC 17365-9843', 15, '2022-09-20 14:40:33', '2022-09-20 14:40:33'),
	(221, 'GBO0CETQBIBC5NKI', '6169 Caden Harbors Apt. 621\nEdwinafurt, ME 41774-0099', 15, '2022-09-20 14:40:33', '2022-09-20 14:40:33'),
	(222, 'OHUWMH3KEQNRCA6O', '92683 Huels Gardens\nMichealport, UT 93696-0267', 15, '2022-09-20 14:40:33', '2022-09-20 14:40:33'),
	(223, 'GZC6GUJM7ESQAWAP', '20469 Predovic Ford Apt. 411\nBertramton, MT 96063-7589', 15, '2022-09-20 14:40:33', '2022-09-20 14:40:33'),
	(224, 'Z4KCDEGLYJBHNCLY', '164 Karli Islands\nRhodaburgh, AL 14070-8158', 15, '2022-09-20 14:40:33', '2022-09-20 14:40:33'),
	(225, '6TK5IBVZ86MIR6MQ', '11458 Jany Light\nGrimesshire, NH 83458-1173', 15, '2022-09-20 14:40:33', '2022-09-20 14:40:33'),
	(226, 'S86QSDE7S0YVUZFI', '23970 Bartoletti Route\nLake Jasper, RI 12878-8044', 15, '2022-09-20 14:40:33', '2022-09-20 14:40:33'),
	(227, 'Y256WBDMO11KYZVK', '9053 Gust Avenue Suite 918\nNorth Margret, MO 07920-1560', 15, '2022-09-20 14:40:33', '2022-09-20 14:40:33'),
	(228, '9E6OERHFNORE6K5I', '62786 Delaney Meadows Suite 193\nLake Jalen, SC 17231-2029', 17, '2022-09-20 14:40:33', '2022-09-20 14:40:33'),
	(229, 'C8JDGLODEYKYDRO0', '7732 Vaughn Turnpike\nJarenmouth, ID 16007', 17, '2022-09-20 14:40:33', '2022-09-20 14:40:33'),
	(230, 'OV1LRXD3ZX9OQOB6', '4649 Natalie Junction Suite 034\nNew Nathenside, DC 62093', 17, '2022-09-20 14:40:33', '2022-09-20 14:40:33'),
	(231, '9ISXW8SNDHM603N4', '811 Murray Place\nPort Sylviastad, LA 13265', 17, '2022-09-20 14:40:33', '2022-09-20 14:40:33'),
	(232, 'CEDW4VSN1HJ8DCNN', '466 Lauretta Grove\nDellaside, WV 66748', 17, '2022-09-20 14:40:33', '2022-09-20 14:40:33'),
	(233, 'SZDMMFLBZRCGT9CZ', '410 Conroy Plaza Suite 312\nSawaynhaven, AR 01931', 17, '2022-09-20 14:40:33', '2022-09-20 14:40:33'),
	(234, 'MBYN7I1UREXPLGXO', '276 Barrows Green Suite 425\nBaileyland, CA 36333-3102', 17, '2022-09-20 14:40:33', '2022-09-20 14:40:33'),
	(235, 'PPQPP8MYUH8VK53G', '159 Saul Isle\nGreenmouth, CA 41847-7330', 17, '2022-09-20 14:40:33', '2022-09-20 14:40:33'),
	(236, 'ILYJZH3BRH93LFDT', '89662 Cartwright Coves Suite 151\nHuelchester, NV 39563', 17, '2022-09-20 14:40:33', '2022-09-20 14:40:33'),
	(237, '6QTCL9WDEX1C5UZ2', '618 Guillermo Forge\nNorth Margretfort, OK 86500', 17, '2022-09-20 14:40:33', '2022-09-20 14:40:33'),
	(238, 'SJOZAEZCMNYP0IX3', '449 William Stream\nPort Bette, HI 03433-6478', 17, '2022-09-20 14:40:33', '2022-09-20 14:40:33'),
	(239, 'JXVQUFNNU34KOZ2X', '8041 Jessie Union\nMarksview, IN 57341', 17, '2022-09-20 14:40:33', '2022-09-20 14:40:33'),
	(240, 'XGMVJBM4PAVPJHAZ', '8558 Tara Motorway Apt. 829\nNicholasberg, FL 96383', 17, '2022-09-20 14:40:33', '2022-09-20 14:40:33'),
	(241, 'S5QMNCLTTNPPM9E8', '1973 Lockman Dam Apt. 826\nWest Malvinaton, AR 15943', 17, '2022-09-20 14:40:33', '2022-09-20 14:40:33'),
	(242, '1WIA8QLSYW86MCKX', '25437 Morissette Mills\nPort Hettieton, MT 34358-6806', 17, '2022-09-20 14:40:33', '2022-09-20 14:40:33'),
	(243, 'OJMORA5NMGBHSQJ4', '2655 Samson Dale Suite 980\nKshlerinfort, IN 70091', 17, '2022-09-20 14:40:33', '2022-09-20 14:40:33'),
	(244, '7UAWUZJFT1L07GIA', '90006 Rice Stream Apt. 101\nNew Haleigh, NE 70309', 17, '2022-09-20 14:40:33', '2022-09-20 14:40:33'),
	(245, 'JBNSAGEGAJNHVOXL', '36812 Chelsea Road\nPourosport, FL 52916', 17, '2022-09-20 14:40:33', '2022-09-20 14:40:33'),
	(246, 'XCF9XEOD3HNOBB9B', '47683 Abshire Manors Apt. 047\nNew Willow, NJ 08528-9594', 17, '2022-09-20 14:40:33', '2022-09-20 14:40:33'),
	(247, '98P4OFRHKJINMNX9', '1051 Octavia Ferry Apt. 370\nLake Jude, AZ 57142-7216', 17, '2022-09-20 14:40:33', '2022-09-20 14:40:33'),
	(248, 'F04EPAEMKRW0QUFA', '80380 Gust Ways\nImamouth, MT 01061-4149', 17, '2022-09-20 14:40:33', '2022-09-20 14:40:33'),
	(249, 'Y0P2BNQ2OWMFKQPY', '7224 Mitchell Coves Apt. 779\nOrabury, WY 05690-3471', 17, '2022-09-20 14:40:33', '2022-09-20 14:40:33'),
	(250, 'QZEIE0CHJMCNB1IU', '2971 Rath Rapid Apt. 189\nPort Amberport, NY 40183-3751', 17, '2022-09-20 14:40:33', '2022-09-20 14:40:33'),
	(251, 'ZUW96ODZRGSO1R0R', '964 Schroeder Plaza Apt. 263\nGonzaloport, IL 28190-1686', 17, '2022-09-20 14:40:33', '2022-09-20 14:40:33'),
	(252, 'J6EAGYHP957BYSCK', '3900 Cruickshank Unions Suite 366\nBogantown, NV 88856', 18, '2022-09-20 14:40:34', '2022-09-20 14:40:34'),
	(253, 'MOB7EE9DITCDTIRC', '14693 Nienow Highway\nDustinton, CO 95939', 18, '2022-09-20 14:40:34', '2022-09-20 14:40:34'),
	(254, 'RQTJT4VJE7EOJCNZ', '115 Brenna Spurs Suite 716\nSouth Cordieland, VA 22708', 18, '2022-09-20 14:40:34', '2022-09-20 14:40:34'),
	(255, '1ESXSJGKZUA6IWOJ', '86719 Klocko Village Apt. 459\nNew Marisa, FL 96198', 18, '2022-09-20 14:40:34', '2022-09-20 14:40:34'),
	(256, '4FK44FUAK7LYMM9D', '3036 Okey Orchard\nNew Chet, IN 26199', 18, '2022-09-20 14:40:34', '2022-09-20 14:40:34'),
	(257, 'KDPMH2W1ET8DIFAW', '354 Larson Extensions Apt. 034\nMarjorieberg, OH 91173', 18, '2022-09-20 14:40:34', '2022-09-20 14:40:34'),
	(258, 'ERBLU4BABTIJSIRN', '366 Ward Lodge\nSouth Benjaminville, NM 06927-0735', 18, '2022-09-20 14:40:34', '2022-09-20 14:40:34'),
	(259, 'YUMQCGIG20GUJURE', '5922 Hill Field Apt. 476\nSouth Hope, AZ 65825', 18, '2022-09-20 14:40:34', '2022-09-20 14:40:34'),
	(260, 'OKV8YT2APWLQS03W', '42087 Jast Villages Suite 098\nLomamouth, TX 62082-6736', 18, '2022-09-20 14:40:34', '2022-09-20 14:40:34'),
	(261, '5MBO4OY9PRW85127', '6437 D\'Amore Tunnel Suite 386\nEast Claudietown, MI 20623', 18, '2022-09-20 14:40:34', '2022-09-20 14:40:34'),
	(262, 'LUG2P8BKGOU8FFT9', '8891 Bednar Harbors Apt. 514\nWest Cathyburgh, IL 44630', 18, '2022-09-20 14:40:34', '2022-09-20 14:40:34'),
	(263, 'ZBU6YRJMQLQJEZ9W', '72710 Kunde Station\nMcKenziehaven, SD 62388-6606', 18, '2022-09-20 14:40:34', '2022-09-20 14:40:34'),
	(264, 'XWRT47G7W0GU1RVT', '6624 Wehner Road\nSchimmelside, DC 24764', 18, '2022-09-20 14:40:34', '2022-09-20 14:40:34'),
	(265, 'BZ2XD663GP7PNN3D', '66609 Antonia Mountains\nMatildestad, NE 66913', 18, '2022-09-20 14:40:34', '2022-09-20 14:40:34'),
	(266, 'UHSMUTXPMH5MNEDV', '4081 Shayna Stream Apt. 839\nEast Dorthymouth, TN 68821', 18, '2022-09-20 14:40:34', '2022-09-20 14:40:34'),
	(267, 'BHQF2VQMWHJ2EGPP', '71435 Frami Highway\nEast Lilyside, WY 38797-6189', 18, '2022-09-20 14:40:34', '2022-09-20 14:40:34'),
	(268, 'WZCZAUAT1TBAIHY3', '23544 Milo Lodge Suite 728\nKiehnborough, TX 87970-7729', 18, '2022-09-20 14:40:34', '2022-09-20 14:40:34'),
	(269, 'SACKIKKKAK8ZH8HR', '587 Crooks Harbors Apt. 624\nNew Osborne, MN 38217-3461', 18, '2022-09-20 14:40:34', '2022-09-20 14:40:34'),
	(270, 'Q7CY8AZ3WD8KHLTB', '32990 Ferne Courts\nNorth Issacview, NC 79713', 18, '2022-09-20 14:40:34', '2022-09-20 14:40:34'),
	(271, 'KLCAMPDNHBGFTDJI', '138 Rickie Wells\nAdrienstad, IN 39259-5139', 18, '2022-09-20 14:40:34', '2022-09-20 14:40:34'),
	(272, 'BUOUKLDJLPENYKMN', '106 Kirlin Isle\nNew Pearliechester, CO 76032', 18, '2022-09-20 14:40:34', '2022-09-20 14:40:34'),
	(273, 'DB3TI77GV2J8MOHR', '23195 Alicia Valley\nPort Arnoldomouth, GA 30019', 18, '2022-09-20 14:40:34', '2022-09-20 14:40:34'),
	(274, 'EVIQPKC2Y81MX9UJ', '5279 Spencer Mill Apt. 928\nHauckberg, SD 82414', 18, '2022-09-20 14:40:34', '2022-09-20 14:40:34'),
	(275, 'HGGLQMCII19AJ5FQ', '52652 Naomie Hollow Suite 006\nPort Norvalshire, WV 22481', 18, '2022-09-20 14:40:34', '2022-09-20 14:40:34'),
	(276, 'ISRZ75PLN8QBV7PY', '72931 Cullen Crossroad\nNorth Davinfurt, HI 84982', 19, '2022-09-20 14:40:34', '2022-09-20 14:40:34'),
	(277, '97GVVY2SG9PQSEZJ', '69432 Martine Crossroad Apt. 607\nMarvinview, IL 95605-1450', 19, '2022-09-20 14:40:34', '2022-09-20 14:40:34'),
	(278, 'WYP0ZZANB5D31XVQ', '27562 Oswald Port\nMarkusberg, ND 12977-6752', 19, '2022-09-20 14:40:34', '2022-09-20 14:40:34'),
	(279, 'LMMQMLYRPGBVXP8N', '4039 Jadon Drives\nHellermouth, LA 72843-5498', 19, '2022-09-20 14:40:34', '2022-09-20 14:40:34'),
	(280, 'UBLITHTJ3DBNPFQF', '164 Baumbach Drive Suite 834\nEast Davionland, KS 51983', 19, '2022-09-20 14:40:34', '2022-09-20 14:40:34'),
	(281, 'LXUJWK9IWOGQWE6W', '8929 Erdman Burg Suite 929\nWest Jonathan, SC 74613-3640', 19, '2022-09-20 14:40:34', '2022-09-20 14:40:34'),
	(282, 'D3RTCWLLJCODVJT9', '24816 Fern Isle\nJacobsonport, SD 92067', 19, '2022-09-20 14:40:34', '2022-09-20 14:40:34'),
	(283, 'PWHVVEEXPX8K9YDU', '138 Hessel Way Apt. 623\nBonitaburgh, NJ 76984-9362', 19, '2022-09-20 14:40:34', '2022-09-20 14:40:34'),
	(284, 'YF5I8IZ0VBR7URPD', '6521 Arlo Drive Apt. 775\nLake Nathanialburgh, RI 60077', 19, '2022-09-20 14:40:34', '2022-09-20 14:40:34'),
	(285, 'BBC4P0JTJNGQTOHA', '1689 Boyle Gateway Suite 487\nLake Ewell, DC 52863-7093', 19, '2022-09-20 14:40:34', '2022-09-20 14:40:34'),
	(286, 'NVCYHIOADJMCOZ3X', '35912 Haylee Shores\nBatzhaven, GA 12009', 19, '2022-09-20 14:40:34', '2022-09-20 14:40:34'),
	(287, 'VR4JZDJ9OJ4C1BSH', '30128 Frederic Stream Apt. 124\nEast Paolofort, NJ 77548', 19, '2022-09-20 14:40:34', '2022-09-20 14:40:34'),
	(288, 'QEA65U68GDMPQ27T', '192 Liana Extensions\nWest Marianne, MI 42868-2403', 19, '2022-09-20 14:40:34', '2022-09-20 14:40:34'),
	(289, 'Z2WE6ZGUGENM2W8D', '46215 Mante Rest\nSouth Jabari, AL 27840-7873', 19, '2022-09-20 14:40:34', '2022-09-20 14:40:34'),
	(290, 'ZKBYIUTHV0EENMO8', '6965 Blaise Coves Suite 428\nLedashire, NV 09951', 19, '2022-09-20 14:40:34', '2022-09-20 14:40:34'),
	(291, 'IB3LNBTXBRR4UFHX', '1516 Pietro Meadows Apt. 764\nMagdalenhaven, MD 31606', 19, '2022-09-20 14:40:34', '2022-09-20 14:40:34'),
	(292, '3M8MVA79TXSZ8WN1', '12888 Olson Port\nWest Randyland, VT 21131', 19, '2022-09-20 14:40:34', '2022-09-20 14:40:34'),
	(293, 'WULRV70TM0SQFYRL', '37776 Sophie Trail Suite 573\nSkilesfort, NY 34247', 19, '2022-09-20 14:40:34', '2022-09-20 14:40:34'),
	(294, 'MN3KNL8IJER7KLBU', '75111 Jerod Mountains\nDeontaestad, OH 63518', 19, '2022-09-20 14:40:34', '2022-09-20 14:40:34'),
	(295, 'LOA6DNPLKPU4SW7B', '4334 Schmeler Plaza\nStrackefurt, TN 92059', 19, '2022-09-20 14:40:34', '2022-09-20 14:40:34'),
	(296, 'NXBDVIZTJ1ZJWVHP', '652 Olga Islands Apt. 009\nPort Maritzafort, WY 60616-4921', 19, '2022-09-20 14:40:34', '2022-09-20 14:40:34'),
	(297, 'C6TI4QNJX9B1WMUD', '3168 Serena Ranch Suite 277\nSouth Mabel, WI 28685', 19, '2022-09-20 14:40:34', '2022-09-20 14:40:34'),
	(298, 'XBASYJPFHVMZZVYL', '8655 Gorczany Mill\nNew Freddieborough, AL 98420-3418', 19, '2022-09-20 14:40:34', '2022-09-20 14:40:34'),
	(299, 'PH4N5CDZAVPBJYI7', '360 Felton Freeway\nLake Jayce, MN 43880', 19, '2022-09-20 14:40:34', '2022-09-20 14:40:34'),
	(300, 'QPZKKIDIE5GLWR10', '390 Sallie Mountain Suite 620\nMargarettahaven, KS 28537', 19, '2022-09-20 14:40:34', '2022-09-20 14:40:34'),
	(301, 'C6UCQUHAHJYZBU2U', '404 Taylor View Suite 634\nNew Destineyfurt, NC 21640-6839', 20, '2022-09-20 14:40:35', '2022-09-20 14:40:35'),
	(302, '0QDBMEESZKPCRR38', '9610 Arden Skyway Suite 086\nMosciskitown, NV 35089-3486', 20, '2022-09-20 14:40:35', '2022-09-20 14:40:35'),
	(303, 'YSNBRXXXJI0Q7GFX', '39233 Ruben Plains\nNorth Isaac, WY 09440-0240', 20, '2022-09-20 14:40:35', '2022-09-20 14:40:35'),
	(304, 'SAWVPXQRZASYQI3V', '521 Runolfsson Underpass\nWest Aimee, VA 60132-5461', 20, '2022-09-20 14:40:35', '2022-09-20 14:40:35'),
	(305, '9IKQKVEAV2OLZ3QC', '93104 Malvina Streets\nEast Rudolph, WY 11936-8586', 20, '2022-09-20 14:40:35', '2022-09-20 14:40:35'),
	(306, 'SHNLEGG8MWDMMJ3D', '158 Grayce Mill Suite 613\nWest Olafchester, NM 16191-0340', 20, '2022-09-20 14:40:35', '2022-09-20 14:40:35'),
	(307, 'VHRRADX4N2DCAQEQ', '11040 Hudson Inlet\nSouth Bomouth, RI 97433-9389', 20, '2022-09-20 14:40:35', '2022-09-20 14:40:35'),
	(308, 'LVEJCJEH57MFKAFE', '310 Bergnaum Port Suite 545\nEast Derrickfurt, TN 94517', 20, '2022-09-20 14:40:35', '2022-09-20 14:40:35'),
	(309, 'PQXTPRVS4WTVZLDN', '1703 Heidenreich Street\nNorth Emiliastad, DC 59122', 20, '2022-09-20 14:40:35', '2022-09-20 14:40:35'),
	(310, 'HQIYYJBVXS2PRTQP', '63907 Ezra Alley\nWelchmouth, CA 34622', 22, '2022-09-20 14:40:35', '2022-09-20 14:40:35'),
	(311, 'BDSZTRGLX7NREB2B', '116 Hammes Hill\nLangview, NJ 55238', 22, '2022-09-20 14:40:35', '2022-09-20 14:40:35'),
	(312, 'MN1BTABPOPXTX2X9', '740 Lakin Lights Apt. 425\nEast Brian, WY 24491-7273', 22, '2022-09-20 14:40:35', '2022-09-20 14:40:35'),
	(313, 'HRDTBKZD638PYROW', '3474 Cordell Cliff\nDestineehaven, PA 11092', 22, '2022-09-20 14:40:35', '2022-09-20 14:40:35'),
	(314, 'MXQUQBZCJJ0YHIVR', '6781 Collins Tunnel Suite 452\nDavisfort, MI 36555-1870', 22, '2022-09-20 14:40:35', '2022-09-20 14:40:35'),
	(315, 'FE0G0OPPCX1MQKVH', '2191 Schimmel Prairie\nFramiland, MT 11400-2431', 22, '2022-09-20 14:40:35', '2022-09-20 14:40:35'),
	(316, 'CEQSP5YHITFTTYDS', '72284 Lueilwitz Roads Suite 947\nPort Corbin, WV 04135-3167', 22, '2022-09-20 14:40:35', '2022-09-20 14:40:35'),
	(317, 'FQLUBSVNQHYOZBSO', '9462 Lia Ridge\nRippinmouth, OK 16919', 22, '2022-09-20 14:40:35', '2022-09-20 14:40:35'),
	(318, 'D18PHIXUVVEKM9XE', '8463 Beer Grove\nLake Baron, DE 94348-5718', 22, '2022-09-20 14:40:35', '2022-09-20 14:40:35'),
	(319, 'KVA2XPLG1ZLVIIDE', '223 Ali Ports\nPort Beulah, VA 27453-0246', 22, '2022-09-20 14:40:35', '2022-09-20 14:40:35'),
	(320, 'JXUQPYX9DSEM0UU9', '7944 Chaim Coves Apt. 765\nKlingchester, MA 57873', 22, '2022-09-20 14:40:35', '2022-09-20 14:40:35'),
	(321, 'GONBHF2LKNDYNL3P', '6392 Jovan Pine\nFeeneyhaven, HI 15549', 22, '2022-09-20 14:40:35', '2022-09-20 14:40:35'),
	(322, 'WARMCUTBJNFLXPGW', '372 Lila Field Suite 499\nBoehmville, TN 33156-8393', 22, '2022-09-20 14:40:35', '2022-09-20 14:40:35'),
	(323, '3GESUD7KULKKV8TC', '44857 Nellie Coves\nOlsonfurt, OH 12228-2742', 22, '2022-09-20 14:40:35', '2022-09-20 14:40:35'),
	(324, 'W0ZT9QCGUW4FY9I7', '6475 Barbara Camp\nKlockomouth, OR 23179-5188', 22, '2022-09-20 14:40:35', '2022-09-20 14:40:35'),
	(325, 'SGW0OOGXB04NNWNI', '258 Emory Knolls\nWest Natasha, LA 41975', 22, '2022-09-20 14:40:35', '2022-09-20 14:40:35'),
	(326, '4ZNZ24YQOZJL86WO', '38048 Nolan Points Apt. 159\nFerryberg, TX 63860-2531', 22, '2022-09-20 14:40:35', '2022-09-20 14:40:35'),
	(327, 'OLG7OAEI5VWQEEQS', '367 Connelly Plaza Apt. 865\nSchoenville, AR 12105-9492', 22, '2022-09-20 14:40:35', '2022-09-20 14:40:35'),
	(328, 'ECXLDUSZ6FLPYECT', '27512 O\'Connell Path Apt. 023\nLake Normahaven, KY 64734-9647', 22, '2022-09-20 14:40:35', '2022-09-20 14:40:35'),
	(329, 'NWGGZYEZR3NXXQXZ', '159 Erika Walk\nEast Violet, UT 43648', 22, '2022-09-20 14:40:35', '2022-09-20 14:40:35'),
	(330, 'YIWQP8C32TTQ0AFO', '490 Kaia Square Suite 253\nFarrellstad, WV 26250-0888', 22, '2022-09-20 14:40:35', '2022-09-20 14:40:35'),
	(331, 'U3KC1WSDPP6RONOI', '58047 Schumm Squares Suite 909\nPort Yvetteville, OK 63875', 23, '2022-09-20 14:40:35', '2022-09-20 14:40:35'),
	(332, 'EVNOQLQIWBIBZ8YN', '970 Ondricka Points Apt. 609\nEmeraldhaven, AL 31468-4600', 23, '2022-09-20 14:40:35', '2022-09-20 14:40:35'),
	(333, 'RAEJUUMBTGQPHQKX', '7128 Fritz Port Suite 613\nNew Veronicaside, MA 26036', 23, '2022-09-20 14:40:35', '2022-09-20 14:40:35'),
	(334, '6SDIDP1MIGHPXQEL', '7177 Gladys Points Suite 592\nPort Rodolfo, ND 30680-2719', 23, '2022-09-20 14:40:35', '2022-09-20 14:40:35'),
	(335, 'BFS3VEQGNLITMT3E', '49300 Casper Crossing Suite 698\nWest Jenniferville, SC 60363-4663', 23, '2022-09-20 14:40:35', '2022-09-20 14:40:35'),
	(336, 'BYK6TBJG9KTAJ5RV', '604 Weimann Valley Apt. 376\nStoltenbergland, VA 07813-7541', 23, '2022-09-20 14:40:35', '2022-09-20 14:40:35'),
	(337, 'D9UATVTFMPSICOY5', '312 Schaefer Run\nLake Granville, NJ 72620-9243', 23, '2022-09-20 14:40:35', '2022-09-20 14:40:35'),
	(338, '62AYVQEL6NY2UZKI', '8190 Stokes Spurs\nTessland, TX 69284', 23, '2022-09-20 14:40:35', '2022-09-20 14:40:35'),
	(339, 'VH2E3YM8Q9XH4O2W', '152 Roberts Passage\nWest Greyson, KS 46641-6829', 24, '2022-09-20 14:40:35', '2022-09-20 14:40:35'),
	(340, 'REXW4ZEZ1NTVAZR6', '1917 Moore Walks\nCadenville, DE 67665-8384', 24, '2022-09-20 14:40:35', '2022-09-20 14:40:35'),
	(341, 'TF1FTGUO5JTPJYJN', '32185 Schumm Glens Apt. 306\nKosstown, MI 69525', 24, '2022-09-20 14:40:35', '2022-09-20 14:40:35'),
	(342, '4GAI7JHIKQALGGRI', '2597 Stefan Lane\nReynoldsview, WV 81901', 24, '2022-09-20 14:40:35', '2022-09-20 14:40:35'),
	(343, 'NDAVUZUMOQZRID7D', '30440 McKenzie Oval Suite 673\nAbshireview, MS 68837', 24, '2022-09-20 14:40:35', '2022-09-20 14:40:35'),
	(344, 'SANSLDFPPIX12GVK', '67281 Burdette Squares\nEast Collin, SC 58331', 24, '2022-09-20 14:40:35', '2022-09-20 14:40:35'),
	(345, 'LQNBKWUXX7FTUKDE', '6091 Hoppe Terrace\nStehrtown, LA 50016', 24, '2022-09-20 14:40:35', '2022-09-20 14:40:35'),
	(346, 'FDJRQYNKCKX4DPXB', '9528 Brenda Underpass Suite 806\nSchusterberg, NY 67540', 25, '2022-09-20 14:40:35', '2022-09-20 14:40:35'),
	(347, 'MBGUGQV5BXBPXLS7', '5967 Mylene Camp\nMonafurt, CT 83273', 25, '2022-09-20 14:40:35', '2022-09-20 14:40:35'),
	(348, 'IMAVOFPPRHB9RHUI', '52073 Bergnaum Hills\nKihnberg, KY 77047', 25, '2022-09-20 14:40:35', '2022-09-20 14:40:35'),
	(349, 'I3Y2LNZUGXOJN4ZI', '7113 Garth Shoals\nLiahaven, PA 22582', 25, '2022-09-20 14:40:35', '2022-09-20 14:40:35'),
	(350, 'UCMOSQF1CQUTWUBP', '7866 Kling Mountain Suite 362\nHaleymouth, NJ 41426-7349', 25, '2022-09-20 14:40:35', '2022-09-20 14:40:35'),
	(351, 'FHRBJFVKTJONCXUX', '1540 Ebony Gateway\nLake Leonardoville, NY 23733', 25, '2022-09-20 14:40:35', '2022-09-20 14:40:35'),
	(352, 'LGWFX9JPP7N0AKYN', '399 Daniel Lights Suite 120\nMcGlynnchester, NE 27206', 25, '2022-09-20 14:40:35', '2022-09-20 14:40:35'),
	(353, '5Q3YYFTDQ90UXSWI', '5686 Kunze Plaza Suite 364\nSouth Magnusside, OR 22431', 25, '2022-09-20 14:40:35', '2022-09-20 14:40:35'),
	(354, 'PVP8N0NV88DIOO26', '3047 Rippin Inlet\nXzavierchester, TX 09249-2185', 25, '2022-09-20 14:40:35', '2022-09-20 14:40:35'),
	(355, 'AOEG4QGDZCCDARZY', '53714 Murl Green Suite 938\nBergnaumland, CA 59411-7387', 25, '2022-09-20 14:40:35', '2022-09-20 14:40:35'),
	(356, 'MZYTZTHC9VTTSAWO', '91441 Boyle Road\nWest Berylton, WI 23437-4080', 25, '2022-09-20 14:40:35', '2022-09-20 14:40:35'),
	(357, '5MHEUKZ1OJ1UGONF', '3826 Aylin Shores\nPort Adelle, AK 53613-4979', 25, '2022-09-20 14:40:35', '2022-09-20 14:40:35'),
	(358, 'EHGU7PFDDSXMZHQD', '60793 Glover Turnpike Suite 989\nPort Kaceyshire, VT 00757-3374', 25, '2022-09-20 14:40:35', '2022-09-20 14:40:35'),
	(359, 'SWAA7C4WLTG3LLUA', '56365 Kessler Vista Suite 631\nJeffereyhaven, ID 30129-8939', 25, '2022-09-20 14:40:35', '2022-09-20 14:40:35'),
	(360, 'PAIUCLNM9CO6EYYG', '877 Kutch Prairie\nHerzoghaven, VA 89099-6380', 25, '2022-09-20 14:40:35', '2022-09-20 14:40:35'),
	(361, 'GTAFN3776GIVYUQT', '3668 Cecilia Courts Apt. 133\nSouth Berta, VA 02174', 25, '2022-09-20 14:40:35', '2022-09-20 14:40:35'),
	(362, 'AELYA2Z4KYNLDFSN', '119 Tatum Springs Apt. 928\nPort Ally, MS 77293-2488', 25, '2022-09-20 14:40:35', '2022-09-20 14:40:35'),
	(363, 'HFI9AUTXRZ2QVA57', '50442 Eda Mission Apt. 625\nPort Georgette, ID 89151', 25, '2022-09-20 14:40:35', '2022-09-20 14:40:35'),
	(364, 'GSJMM2EKPWI4UXME', '424 Elisa Crest\nNorth Jeremiechester, KS 34752-2273', 26, '2022-09-20 14:40:36', '2022-09-20 14:40:36'),
	(365, 'CBWXXCZPTLQN6GDC', '7224 Modesto Mission Apt. 908\nWest Flavie, MO 01771-3665', 26, '2022-09-20 14:40:36', '2022-09-20 14:40:36'),
	(366, 'BINEACZYQHDYIPWJ', '25405 Guadalupe Pine Suite 566\nWiegandhaven, PA 31894-7545', 26, '2022-09-20 14:40:36', '2022-09-20 14:40:36'),
	(367, 'KYVPHE2BPMC3TKZF', '615 Arnoldo Valley Apt. 352\nSouth Stephanialand, DE 53568', 26, '2022-09-20 14:40:36', '2022-09-20 14:40:36'),
	(368, 'UP4TUWN3YKIAAYDX', '4518 Cora Road Suite 995\nMagalimouth, CO 41841-5361', 26, '2022-09-20 14:40:36', '2022-09-20 14:40:36'),
	(369, 'JSAY5MMCGSEIE5Z7', '6566 Maryjane Inlet\nZelmaborough, KS 49774', 26, '2022-09-20 14:40:36', '2022-09-20 14:40:36'),
	(370, 'GN1DXWVDMI4XQPSW', '992 Santina Prairie\nSouth Alicia, SC 48084-8775', 26, '2022-09-20 14:40:36', '2022-09-20 14:40:36'),
	(371, 'OF2W3C21MSWFHD5O', '4485 Desiree Way\nEast Brannonville, KY 81881', 26, '2022-09-20 14:40:36', '2022-09-20 14:40:36'),
	(372, 'HZVJNIAYVW7ZJLLK', '33616 Smitham Stravenue Apt. 065\nAlishaview, ID 09796-6308', 26, '2022-09-20 14:40:36', '2022-09-20 14:40:36'),
	(373, 'QF6AXJS2GW94XSB3', '2489 Jameson Haven Apt. 533\nStrosinstad, ID 50030', 26, '2022-09-20 14:40:36', '2022-09-20 14:40:36'),
	(374, 'TDHLXVDNOHAJH1BO', '656 Gutkowski Keys Apt. 314\nSouth Aidatown, DC 09077', 26, '2022-09-20 14:40:36', '2022-09-20 14:40:36'),
	(375, 'NMFEIV0JEHFO053R', '365 Kuhn Summit\nKilbackville, IL 85887', 26, '2022-09-20 14:40:36', '2022-09-20 14:40:36'),
	(376, '7F0OSDK5SN3NEBBZ', '213 Swift View Suite 070\nEast Nikkichester, NM 10821', 26, '2022-09-20 14:40:36', '2022-09-20 14:40:36'),
	(377, 'ZI1YDTM7TRQFR4HZ', '94765 Lakin Street Suite 039\nNorth Alvah, MA 23888-6025', 26, '2022-09-20 14:40:36', '2022-09-20 14:40:36'),
	(378, 'VLXJG3PL7NBO481W', '1784 Buckridge Valley Apt. 925\nAylafort, LA 88094-1066', 26, '2022-09-20 14:40:36', '2022-09-20 14:40:36'),
	(379, 'CXDGEAZCDMMAZX6L', '210 Charlene Shoals Apt. 216\nNorth Allisonville, OR 09792-4856', 26, '2022-09-20 14:40:36', '2022-09-20 14:40:36'),
	(380, 'AYOE9N8REAXJR0AB', '93919 Alvis Ville\nRusselshire, HI 25089-9511', 26, '2022-09-20 14:40:36', '2022-09-20 14:40:36'),
	(381, 'PPOJXKCWUM2RRNZW', '59891 Kamren Falls\nLake Dustinton, MN 36101', 26, '2022-09-20 14:40:36', '2022-09-20 14:40:36'),
	(382, 'GED8YUYE3B2ZFK1A', '5435 Kirlin Ville Apt. 304\nNovellachester, MS 52248-5550', 26, '2022-09-20 14:40:36', '2022-09-20 14:40:36'),
	(383, '9VI0AIETUPDM5TJQ', '5914 Hansen Views\nSteuberville, DC 67671', 26, '2022-09-20 14:40:36', '2022-09-20 14:40:36'),
	(384, 'UD1T6L6BRMIZYVBJ', '725 Greenholt Oval\nPort Waino, WV 53435', 26, '2022-09-20 14:40:36', '2022-09-20 14:40:36'),
	(385, 'CIXRHZJZ6JMBEBPK', '9867 Grady View\nEast Brant, KS 48526-0828', 26, '2022-09-20 14:40:36', '2022-09-20 14:40:36'),
	(386, 'EQJKVF9AJUKNRHRZ', '72325 Mosciski Hollow\nLake Neil, ME 00327', 26, '2022-09-20 14:40:36', '2022-09-20 14:40:36'),
	(387, 'DMIH4SEU4DRSXFKR', '840 Adeline Coves\nWest Bransonville, SD 66690-3017', 27, '2022-09-20 14:40:36', '2022-09-20 14:40:36'),
	(388, 'OZURPQKOMDD0SYKV', '111 Connelly Parks\nNew Shannonport, WV 70704', 27, '2022-09-20 14:40:36', '2022-09-20 14:40:36'),
	(389, 'DU6ZZCXFGEYAM7BK', '778 Sipes Glens\nLake Missouriberg, NV 52094-2525', 27, '2022-09-20 14:40:36', '2022-09-20 14:40:36'),
	(390, 'LHWJA4CLLIKCJK9D', '750 Boyer Burgs Apt. 721\nPort Hailey, MA 21861', 28, '2022-09-20 14:40:36', '2022-09-20 14:40:36'),
	(391, '0RSWPRU6NSCVKBFZ', '150 Shanel Passage Suite 498\nAliciaburgh, WI 94165-2303', 28, '2022-09-20 14:40:36', '2022-09-20 14:40:36'),
	(392, 'FHH2GZDNFTJ5FYHA', '28237 Makenzie Parks Apt. 685\nPort Haileeville, DC 71896', 28, '2022-09-20 14:40:36', '2022-09-20 14:40:36'),
	(393, 'TKJ24TUJVCXIKA42', '6058 Terrance Place Apt. 034\nWymanburgh, VT 66614-9177', 28, '2022-09-20 14:40:36', '2022-09-20 14:40:36'),
	(394, 'UAGT4R9RJ5CDN7JH', '10372 Green Radial Suite 052\nAshleyberg, ID 03382', 28, '2022-09-20 14:40:36', '2022-09-20 14:40:36'),
	(395, 'XSY9CJLOTRMCLO0A', '8589 Denesik Forges Suite 120\nEast Natalia, UT 71163', 28, '2022-09-20 14:40:36', '2022-09-20 14:40:36'),
	(396, 'U4MEUEPQYGEAZOOL', '945 Sibyl Burg\nSiennashire, MN 14615-7369', 28, '2022-09-20 14:40:36', '2022-09-20 14:40:36'),
	(397, 'I0YGUZZBKDBW4P63', '895 Robb Lane Apt. 402\nShieldsville, IL 36912-4388', 29, '2022-09-20 14:40:36', '2022-09-20 14:40:36'),
	(398, '3KZYFCMCOIFOJH9T', '788 McGlynn Shoal\nNorth Shanel, OH 30070-8249', 29, '2022-09-20 14:40:36', '2022-09-20 14:40:36'),
	(399, 'MTC0HUM8O4JRAO7T', '505 Alvina Falls\nPort Coty, MI 72690-8514', 29, '2022-09-20 14:40:36', '2022-09-20 14:40:36'),
	(400, 'E8VVSVYTSDE5PPS7', '22669 Feest Divide Apt. 611\nDelmershire, TN 37003', 29, '2022-09-20 14:40:36', '2022-09-20 14:40:36'),
	(401, 'A5KWUEMA04U2LRER', '45649 Rau Park Suite 723\nEast Lexi, DE 08253-3138', 29, '2022-09-20 14:40:36', '2022-09-20 14:40:36'),
	(402, 'WBPF7GBNEP2OH3GX', '710 Mabel Well Suite 050\nAshlynnburgh, PA 99233-9119', 29, '2022-09-20 14:40:36', '2022-09-20 14:40:36'),
	(403, 'PNOYNWKLMD837FPD', '3738 Eda Neck Suite 746\nJordichester, AK 12518', 29, '2022-09-20 14:40:36', '2022-09-20 14:40:36'),
	(404, 'IWRVGWOWV9BGXJ74', '32820 Ubaldo Drive\nWest Kaitlyn, MO 49134', 29, '2022-09-20 14:40:36', '2022-09-20 14:40:36'),
	(405, 'KEGJIV7LRY9CTIZH', '42141 Toy Islands Apt. 947\nEast Astrid, MO 52722', 29, '2022-09-20 14:40:36', '2022-09-20 14:40:36'),
	(406, 'NTMM5ZN8G5US6GA0', '816 Aurelio Roads\nSethport, FL 56955', 29, '2022-09-20 14:40:36', '2022-09-20 14:40:36'),
	(407, 'YG0V74OIG7L7QB2I', '470 Prohaska View Apt. 500\nGulgowskiburgh, NC 04016', 29, '2022-09-20 14:40:36', '2022-09-20 14:40:36'),
	(408, 'KCAKSI0EGT7IDXPM', '24290 Natalia Summit Suite 094\nKarlfort, WY 29025-5221', 29, '2022-09-20 14:40:36', '2022-09-20 14:40:36'),
	(409, 'LD9QNRXVV2UDHPBB', '655 Hegmann Shoal Apt. 803\nSouth Jacklynbury, KY 17933-8265', 29, '2022-09-20 14:40:36', '2022-09-20 14:40:36'),
	(410, '2SVAGLWZDR86UJCM', '6139 Abshire Crossroad\nNehabury, KY 30017-0064', 29, '2022-09-20 14:40:36', '2022-09-20 14:40:36'),
	(411, 'V34RRNAF0GK3PVK2', '9696 Oswald Streets Apt. 047\nPort Elfriedastad, NY 88498-3324', 29, '2022-09-20 14:40:36', '2022-09-20 14:40:36'),
	(412, 'DKIPO1D5MCSZ9C7S', '70761 Seth Canyon\nEast Vincenzaside, DE 35189', 29, '2022-09-20 14:40:36', '2022-09-20 14:40:36'),
	(413, 'KTWW24COJUOPMQXS', '32052 Gaetano Run Apt. 501\nHowellfurt, WI 39939', 29, '2022-09-20 14:40:36', '2022-09-20 14:40:36'),
	(414, 'Q4L19NH3ADVAROJA', '98429 Porter Ford\nShannyhaven, AK 58205-8405', 29, '2022-09-20 14:40:36', '2022-09-20 14:40:36'),
	(415, 'ZDUASF8QQFI4ESXF', '287 Idella Throughway Suite 970\nFeeneyshire, ID 30781', 29, '2022-09-20 14:40:36', '2022-09-20 14:40:36'),
	(416, 'PUROTOAB01LBXFEL', '6222 Pablo Lodge Apt. 348\nEast Lesleyland, WA 08361-4907', 29, '2022-09-20 14:40:36', '2022-09-20 14:40:36'),
	(417, 'VMPJ6DAIV0NTUC7E', '7482 Bogisich Rest Suite 268\nSouth Tracy, WA 25788-3001', 29, '2022-09-20 14:40:36', '2022-09-20 14:40:36'),
	(418, 'Q4IGXOBWTLBYXPNI', '775 Blick Groves Suite 722\nEast Ezekiel, NV 38318-5071', 29, '2022-09-20 14:40:36', '2022-09-20 14:40:36'),
	(419, 'KDPCUYBC1QBNJXAU', '814 Tracey View Apt. 000\nLake Mariah, ME 14780-8641', 29, '2022-09-20 14:40:36', '2022-09-20 14:40:36'),
	(420, 'NNTIQTKTMSYDANJ0', '567 Therese Mills\nNorth Theahaven, NE 70233', 29, '2022-09-20 14:40:36', '2022-09-20 14:40:36'),
	(421, 'QNOOBC9TSPDCLX0X', '2018 Muller Plains\nNorth Clyde, ND 06870-6844', 29, '2022-09-20 14:40:36', '2022-09-20 14:40:36'),
	(422, 'CHT8FVZ8QYCZZ9QQ', '3813 Linda Mall Suite 495\nEast Bobby, MO 62240-1711', 30, '2022-09-20 14:40:37', '2022-09-20 14:40:37'),
	(423, '1XZYQHKKZTMNFMNH', '3254 Karlee Hill\nDustinburgh, SD 12942', 30, '2022-09-20 14:40:37', '2022-09-20 14:40:37'),
	(424, 'HOORSBIN2BHBAW8T', '32533 Tess Forge Suite 343\nBarrowsmouth, AR 31384', 30, '2022-09-20 14:40:37', '2022-09-20 14:40:37'),
	(425, 'HEYQ76YUFRYAO6ZH', '70985 Cartwright Landing Suite 171\nLaceymouth, FL 14185-7165', 30, '2022-09-20 14:40:37', '2022-09-20 14:40:37'),
	(426, '9I7F0OHNAF4Y6IH8', '59432 Bruen Vista Suite 455\nMayertbury, OK 03245', 30, '2022-09-20 14:40:37', '2022-09-20 14:40:37'),
	(427, 'YPZP0M1BUSYW02ST', '78735 Haag Avenue\nGaylordfort, AK 66147-6098', 30, '2022-09-20 14:40:37', '2022-09-20 14:40:37'),
	(428, '1GRTN0QADQ1JDGCF', '143 Zemlak Bypass Apt. 889\nSouth Taryn, SD 01520', 30, '2022-09-20 14:40:37', '2022-09-20 14:40:37'),
	(429, 'HDIVWIEPVLUUHBTL', '50777 Forrest Vista Apt. 804\nSouth Juston, NV 70145-3504', 30, '2022-09-20 14:40:37', '2022-09-20 14:40:37'),
	(430, '96KLARDHSGRYO649', '391 Kling Lodge\nLake Rosalind, KS 92039-2115', 30, '2022-09-20 14:40:37', '2022-09-20 14:40:37'),
	(431, 'KTFXAL1VCPTZ7ZVM', '3001 O\'Connell Green\nReichelfurt, WI 75095-9207', 30, '2022-09-20 14:40:37', '2022-09-20 14:40:37'),
	(432, 'VOZZRULFO2RGQP2D', '53270 Schimmel Camp\nMaggioside, NC 25532', 30, '2022-09-20 14:40:37', '2022-09-20 14:40:37'),
	(433, 'IKORSCNFCLEYWWPG', '9602 Yundt Shoals\nJaylinmouth, UT 19169-9372', 30, '2022-09-20 14:40:37', '2022-09-20 14:40:37'),
	(434, 'UEIFQZEQWRVJMXJT', '7482 Gislason Falls Suite 073\nNew Rowan, GA 43663-9676', 30, '2022-09-20 14:40:37', '2022-09-20 14:40:37'),
	(435, 'UBSZVA4SULO0LHZ2', '4635 Mraz Mountain Suite 625\nNorth Alejandrastad, OH 66269-8686', 30, '2022-09-20 14:40:37', '2022-09-20 14:40:37'),
	(436, 'H3TD5PSM0HCKQKHQ', '2266 Grimes Gateway\nNellebury, ME 15407-7642', 30, '2022-09-20 14:40:37', '2022-09-20 14:40:37'),
	(437, 'W5OFSJFBTCZU8RMQ', '377 Dach View Suite 099\nFramishire, WY 52323', 30, '2022-09-20 14:40:37', '2022-09-20 14:40:37');
/*!40000 ALTER TABLE `orders` ENABLE KEYS */;

-- Dump della struttura di tabella recap-join.order_product
CREATE TABLE IF NOT EXISTS `order_product` (
  `order_id` bigint(20) unsigned NOT NULL,
  `product_id` bigint(20) unsigned NOT NULL,
  `quantity` int(11) NOT NULL,
  `price` decimal(8,2) NOT NULL,
  PRIMARY KEY (`order_id`,`product_id`),
  KEY `order_product_product_id_foreign` (`product_id`),
  CONSTRAINT `order_product_order_id_foreign` FOREIGN KEY (`order_id`) REFERENCES `orders` (`id`) ON DELETE CASCADE ON UPDATE CASCADE,
  CONSTRAINT `order_product_product_id_foreign` FOREIGN KEY (`product_id`) REFERENCES `products` (`id`) ON DELETE CASCADE ON UPDATE CASCADE
) ENGINE=InnoDB DEFAULT CHARSET=utf8mb4 COLLATE=utf8mb4_unicode_ci;

-- Dump dei dati della tabella recap-join.order_product: ~1.217 rows (circa)
/*!40000 ALTER TABLE `order_product` DISABLE KEYS */;
REPLACE INTO `order_product` (`order_id`, `product_id`, `quantity`, `price`) VALUES
	(1, 163, 2, 552.88),
	(2, 46, 2, 207.03),
	(2, 177, 3, 519.85),
	(3, 227, 3, 642.33),
	(4, 27, 2, 764.27),
	(4, 117, 2, 822.98),
	(4, 135, 3, 317.03),
	(4, 230, 3, 32.43),
	(5, 43, 3, 358.63),
	(5, 45, 2, 706.85),
	(5, 91, 1, 852.54),
	(5, 103, 2, 850.47),
	(5, 198, 2, 429.06),
	(5, 204, 3, 947.44),
	(5, 209, 3, 821.11),
	(6, 168, 1, 547.08),
	(6, 218, 2, 487.53),
	(7, 120, 3, 935.05),
	(7, 153, 1, 623.26),
	(8, 81, 3, 819.41),
	(8, 194, 2, 913.32),
	(8, 216, 2, 623.89),
	(8, 253, 1, 982.39),
	(9, 46, 2, 207.03),
	(9, 73, 1, 5.69),
	(9, 101, 2, 427.22),
	(9, 113, 1, 585.96),
	(9, 189, 3, 702.25),
	(9, 237, 3, 254.46),
	(10, 12, 1, 474.30),
	(10, 298, 3, 644.58),
	(11, 51, 1, 40.96),
	(11, 85, 2, 281.46),
	(11, 168, 2, 547.08),
	(11, 293, 2, 316.59),
	(12, 48, 3, 223.36),
	(12, 86, 2, 471.37),
	(12, 281, 2, 707.74),
	(12, 286, 1, 212.85),
	(12, 289, 2, 511.08),
	(13, 46, 1, 207.03),
	(13, 256, 2, 433.05),
	(14, 290, 1, 139.38),
	(15, 28, 2, 868.68),
	(15, 103, 3, 850.47),
	(16, 68, 3, 507.27),
	(16, 91, 2, 852.54),
	(16, 204, 1, 947.44),
	(16, 233, 2, 940.17),
	(16, 245, 1, 177.25),
	(17, 24, 3, 476.84),
	(17, 42, 1, 659.76),
	(17, 74, 1, 149.51),
	(17, 145, 3, 638.46),
	(17, 177, 2, 519.85),
	(18, 51, 3, 40.96),
	(18, 262, 2, 367.92),
	(19, 294, 1, 520.19),
	(20, 52, 2, 659.77),
	(20, 87, 1, 590.37),
	(20, 146, 3, 675.11),
	(20, 158, 2, 569.30),
	(20, 159, 1, 846.67),
	(20, 201, 3, 164.15),
	(22, 39, 2, 575.00),
	(22, 88, 1, 279.07),
	(22, 115, 3, 493.59),
	(22, 153, 1, 623.26),
	(23, 152, 1, 350.70),
	(23, 196, 2, 469.59),
	(23, 213, 3, 684.55),
	(23, 243, 1, 384.80),
	(23, 271, 2, 8.56),
	(24, 27, 3, 764.27),
	(24, 49, 2, 150.43),
	(24, 281, 1, 707.74),
	(25, 110, 2, 532.88),
	(25, 211, 2, 249.53),
	(26, 13, 3, 9.28),
	(26, 31, 3, 436.17),
	(26, 185, 1, 932.75),
	(26, 240, 3, 754.98),
	(26, 285, 3, 22.48),
	(27, 78, 3, 110.12),
	(28, 51, 1, 40.96),
	(28, 100, 1, 984.46),
	(28, 186, 1, 605.66),
	(28, 221, 1, 342.65),
	(29, 92, 1, 235.92),
	(29, 149, 1, 720.33),
	(29, 163, 1, 552.88),
	(29, 222, 3, 525.03),
	(30, 83, 1, 436.02),
	(30, 250, 3, 3.75),
	(30, 266, 3, 974.99),
	(31, 171, 1, 383.09),
	(31, 189, 2, 702.25),
	(32, 178, 2, 772.26),
	(32, 204, 2, 947.44),
	(33, 54, 1, 291.09),
	(33, 80, 1, 255.34),
	(33, 142, 3, 127.77),
	(33, 143, 2, 627.94),
	(33, 171, 1, 383.09),
	(33, 180, 1, 839.53),
	(33, 253, 3, 982.39),
	(34, 5, 1, 763.74),
	(34, 22, 3, 174.39),
	(34, 35, 3, 337.80),
	(34, 126, 3, 393.30),
	(34, 184, 2, 700.99),
	(36, 295, 3, 864.18),
	(37, 184, 3, 700.99),
	(37, 203, 2, 770.95),
	(37, 255, 1, 909.60),
	(38, 218, 3, 487.53),
	(39, 128, 2, 594.15),
	(39, 134, 2, 412.25),
	(40, 127, 1, 368.59),
	(41, 22, 3, 174.39),
	(41, 37, 1, 275.54),
	(41, 286, 3, 212.85),
	(42, 207, 3, 631.64),
	(43, 35, 1, 337.80),
	(43, 40, 1, 731.62),
	(43, 59, 3, 843.80),
	(43, 145, 2, 638.46),
	(43, 208, 3, 244.95),
	(43, 283, 3, 393.97),
	(44, 14, 2, 458.47),
	(44, 75, 1, 767.55),
	(44, 119, 3, 668.04),
	(44, 138, 2, 787.35),
	(44, 285, 2, 22.48),
	(45, 13, 2, 9.28),
	(45, 198, 1, 429.06),
	(46, 53, 3, 506.83),
	(46, 204, 3, 947.44),
	(47, 121, 1, 366.27),
	(47, 164, 2, 112.13),
	(47, 175, 2, 205.26),
	(47, 177, 2, 519.85),
	(47, 251, 3, 579.02),
	(47, 259, 2, 241.15),
	(48, 295, 2, 864.18),
	(49, 154, 1, 171.40),
	(50, 80, 2, 255.34),
	(50, 110, 3, 532.88),
	(50, 128, 1, 594.15),
	(51, 117, 3, 822.98),
	(52, 128, 3, 594.15),
	(52, 255, 2, 909.60),
	(54, 201, 2, 164.15),
	(54, 232, 1, 613.63),
	(55, 9, 2, 222.06),
	(55, 212, 3, 356.67),
	(55, 240, 1, 754.98),
	(56, 17, 1, 963.80),
	(56, 137, 2, 30.22),
	(56, 220, 3, 727.05),
	(56, 261, 2, 260.01),
	(57, 209, 1, 821.11),
	(57, 225, 3, 84.63),
	(57, 261, 1, 260.01),
	(58, 57, 3, 747.03),
	(58, 131, 3, 543.61),
	(58, 138, 3, 787.35),
	(59, 69, 2, 166.20),
	(59, 74, 1, 149.51),
	(59, 221, 3, 342.65),
	(59, 242, 2, 357.39),
	(60, 38, 1, 13.98),
	(60, 111, 3, 724.24),
	(60, 155, 1, 467.51),
	(60, 199, 2, 24.07),
	(60, 255, 1, 909.60),
	(60, 300, 2, 373.19),
	(61, 79, 2, 383.60),
	(61, 130, 2, 930.88),
	(61, 277, 3, 666.81),
	(61, 292, 1, 54.54),
	(62, 29, 2, 172.73),
	(62, 50, 1, 583.92),
	(62, 198, 3, 429.06),
	(62, 207, 2, 631.64),
	(62, 285, 2, 22.48),
	(63, 284, 2, 863.82),
	(64, 136, 2, 601.90),
	(64, 295, 1, 864.18),
	(65, 60, 2, 754.97),
	(65, 143, 3, 627.94),
	(65, 179, 2, 597.76),
	(66, 6, 2, 412.49),
	(66, 18, 3, 585.29),
	(66, 137, 3, 30.22),
	(66, 147, 2, 28.45),
	(66, 257, 1, 527.49),
	(66, 266, 3, 974.99),
	(67, 236, 3, 861.23),
	(69, 8, 3, 507.03),
	(69, 274, 1, 614.51),
	(70, 37, 3, 275.54),
	(70, 163, 2, 552.88),
	(70, 243, 2, 384.80),
	(70, 257, 2, 527.49),
	(71, 25, 1, 699.07),
	(71, 103, 2, 850.47),
	(71, 163, 3, 552.88),
	(72, 26, 3, 718.45),
	(72, 213, 1, 684.55),
	(72, 239, 1, 190.25),
	(73, 13, 3, 9.28),
	(73, 29, 3, 172.73),
	(73, 277, 3, 666.81),
	(74, 16, 3, 420.90),
	(75, 136, 2, 601.90),
	(75, 229, 3, 58.97),
	(77, 171, 2, 383.09),
	(78, 35, 1, 337.80),
	(78, 77, 2, 417.23),
	(78, 93, 2, 117.53),
	(78, 113, 3, 585.96),
	(78, 197, 1, 92.16),
	(78, 286, 1, 212.85),
	(79, 77, 3, 417.23),
	(79, 199, 3, 24.07),
	(79, 233, 3, 940.17),
	(79, 250, 1, 3.75),
	(80, 85, 1, 281.46),
	(81, 59, 1, 843.80),
	(81, 101, 1, 427.22),
	(81, 249, 1, 956.15),
	(81, 250, 2, 3.75),
	(81, 251, 1, 579.02),
	(82, 30, 2, 8.50),
	(83, 143, 2, 627.94),
	(84, 164, 2, 112.13),
	(84, 251, 2, 579.02),
	(85, 224, 1, 598.98),
	(86, 116, 3, 772.12),
	(87, 14, 1, 458.47),
	(87, 55, 1, 629.66),
	(87, 75, 1, 767.55),
	(87, 160, 1, 186.94),
	(87, 163, 3, 552.88),
	(87, 255, 2, 909.60),
	(88, 5, 1, 763.74),
	(88, 52, 1, 659.77),
	(88, 201, 1, 164.15),
	(89, 62, 2, 767.78),
	(89, 101, 3, 427.22),
	(90, 33, 1, 577.85),
	(90, 105, 1, 239.03),
	(90, 128, 1, 594.15),
	(91, 168, 2, 547.08),
	(91, 220, 1, 727.05),
	(91, 289, 2, 511.08),
	(92, 162, 1, 497.10),
	(92, 199, 1, 24.07),
	(92, 222, 3, 525.03),
	(93, 165, 1, 761.00),
	(94, 159, 2, 846.67),
	(94, 177, 1, 519.85),
	(94, 225, 2, 84.63),
	(94, 240, 3, 754.98),
	(95, 74, 1, 149.51),
	(95, 149, 2, 720.33),
	(95, 226, 2, 682.97),
	(96, 249, 1, 956.15),
	(97, 141, 3, 933.07),
	(97, 247, 3, 294.75),
	(97, 255, 1, 909.60),
	(98, 128, 1, 594.15),
	(98, 161, 2, 713.94),
	(98, 248, 1, 851.55),
	(99, 89, 3, 258.45),
	(100, 83, 1, 436.02),
	(100, 183, 2, 887.32),
	(100, 297, 3, 885.34),
	(101, 76, 3, 294.64),
	(101, 111, 3, 724.24),
	(101, 145, 1, 638.46),
	(101, 173, 3, 91.21),
	(101, 265, 3, 888.92),
	(102, 9, 3, 222.06),
	(102, 243, 3, 384.80),
	(102, 288, 3, 277.92),
	(103, 138, 1, 787.35),
	(103, 248, 2, 851.55),
	(104, 57, 3, 747.03),
	(104, 64, 2, 882.69),
	(104, 279, 3, 186.40),
	(104, 295, 1, 864.18),
	(105, 277, 1, 666.81),
	(105, 288, 3, 277.92),
	(106, 122, 2, 223.11),
	(106, 124, 1, 927.98),
	(107, 21, 3, 690.71),
	(107, 100, 1, 984.46),
	(107, 187, 1, 334.90),
	(107, 218, 3, 487.53),
	(108, 34, 3, 891.06),
	(108, 111, 3, 724.24),
	(108, 216, 3, 623.89),
	(109, 162, 3, 497.10),
	(109, 179, 3, 597.76),
	(110, 16, 2, 420.90),
	(110, 70, 1, 914.46),
	(110, 145, 3, 638.46),
	(110, 170, 3, 84.89),
	(111, 105, 2, 239.03),
	(111, 282, 3, 998.62),
	(113, 74, 2, 149.51),
	(114, 20, 2, 17.57),
	(114, 122, 3, 223.11),
	(114, 142, 1, 127.77),
	(115, 44, 1, 414.59),
	(115, 245, 2, 177.25),
	(115, 247, 3, 294.75),
	(116, 188, 3, 776.58),
	(117, 88, 1, 279.07),
	(117, 99, 2, 786.89),
	(117, 161, 2, 713.94),
	(117, 240, 1, 754.98),
	(117, 263, 3, 329.76),
	(117, 295, 1, 864.18),
	(119, 64, 1, 882.69),
	(119, 174, 2, 265.45),
	(119, 256, 3, 433.05),
	(119, 298, 3, 644.58),
	(120, 103, 3, 850.47),
	(121, 18, 2, 585.29),
	(121, 179, 2, 597.76),
	(122, 27, 1, 764.27),
	(122, 50, 1, 583.92),
	(122, 279, 3, 186.40),
	(123, 16, 2, 420.90),
	(123, 20, 2, 17.57),
	(123, 102, 3, 490.45),
	(123, 264, 2, 333.13),
	(124, 109, 2, 536.41),
	(124, 214, 1, 55.87),
	(125, 66, 3, 106.62),
	(125, 162, 3, 497.10),
	(125, 192, 1, 40.02),
	(125, 202, 1, 62.33),
	(125, 236, 3, 861.23),
	(126, 261, 2, 260.01),
	(127, 63, 2, 158.14),
	(127, 145, 1, 638.46),
	(127, 293, 1, 316.59),
	(128, 20, 3, 17.57),
	(128, 214, 2, 55.87),
	(128, 222, 3, 525.03),
	(129, 185, 1, 932.75),
	(130, 236, 2, 861.23),
	(131, 38, 3, 13.98),
	(131, 50, 2, 583.92),
	(131, 53, 1, 506.83),
	(131, 57, 2, 747.03),
	(131, 91, 2, 852.54),
	(131, 243, 3, 384.80),
	(131, 244, 1, 387.77),
	(131, 259, 3, 241.15),
	(132, 103, 3, 850.47),
	(132, 230, 2, 32.43),
	(133, 50, 3, 583.92),
	(133, 297, 2, 885.34),
	(135, 7, 1, 50.28),
	(135, 30, 3, 8.50),
	(135, 52, 2, 659.77),
	(135, 115, 3, 493.59),
	(135, 278, 2, 67.23),
	(135, 279, 1, 186.40),
	(135, 290, 1, 139.38),
	(136, 69, 2, 166.20),
	(136, 191, 3, 216.07),
	(136, 281, 1, 707.74),
	(137, 105, 3, 239.03),
	(137, 178, 2, 772.26),
	(137, 201, 2, 164.15),
	(138, 59, 2, 843.80),
	(138, 71, 1, 715.41),
	(139, 89, 2, 258.45),
	(139, 137, 3, 30.22),
	(139, 196, 1, 469.59),
	(139, 260, 1, 387.02),
	(140, 196, 1, 469.59),
	(140, 262, 2, 367.92),
	(140, 280, 2, 384.18),
	(141, 48, 1, 223.36),
	(141, 106, 3, 358.40),
	(141, 128, 1, 594.15),
	(141, 274, 1, 614.51),
	(142, 60, 1, 754.97),
	(142, 196, 3, 469.59),
	(142, 223, 3, 411.21),
	(142, 227, 2, 642.33),
	(142, 247, 2, 294.75),
	(143, 291, 1, 384.42),
	(144, 2, 2, 934.79),
	(144, 190, 3, 557.72),
	(145, 59, 3, 843.80),
	(145, 192, 2, 40.02),
	(145, 250, 3, 3.75),
	(145, 277, 1, 666.81),
	(146, 85, 3, 281.46),
	(146, 158, 1, 569.30),
	(146, 181, 2, 893.40),
	(147, 79, 1, 383.60),
	(147, 150, 1, 303.05),
	(147, 175, 1, 205.26),
	(148, 20, 2, 17.57),
	(148, 125, 3, 787.58),
	(150, 43, 3, 358.63),
	(150, 178, 3, 772.26),
	(150, 235, 1, 467.85),
	(150, 263, 1, 329.76),
	(152, 93, 3, 117.53),
	(152, 296, 3, 709.88),
	(153, 228, 1, 370.84),
	(154, 52, 3, 659.77),
	(154, 102, 3, 490.45),
	(154, 192, 2, 40.02),
	(154, 198, 2, 429.06),
	(156, 225, 2, 84.63),
	(156, 234, 2, 221.57),
	(157, 15, 2, 815.13),
	(157, 30, 1, 8.50),
	(157, 36, 3, 520.76),
	(157, 155, 3, 467.51),
	(158, 22, 3, 174.39),
	(158, 40, 2, 731.62),
	(158, 46, 1, 207.03),
	(158, 126, 3, 393.30),
	(158, 148, 2, 229.58),
	(158, 214, 2, 55.87),
	(158, 277, 3, 666.81),
	(159, 6, 3, 412.49),
	(159, 184, 1, 700.99),
	(159, 237, 3, 254.46),
	(159, 280, 2, 384.18),
	(160, 76, 2, 294.64),
	(160, 78, 1, 110.12),
	(160, 114, 1, 763.96),
	(160, 201, 2, 164.15),
	(161, 197, 2, 92.16),
	(161, 256, 1, 433.05),
	(161, 259, 1, 241.15),
	(162, 232, 1, 613.63),
	(163, 59, 1, 843.80),
	(164, 46, 2, 207.03),
	(165, 144, 1, 136.88),
	(165, 152, 3, 350.70),
	(165, 185, 2, 932.75),
	(165, 222, 1, 525.03),
	(166, 82, 2, 701.22),
	(166, 121, 2, 366.27),
	(166, 201, 3, 164.15),
	(167, 116, 2, 772.12),
	(167, 234, 3, 221.57),
	(167, 258, 2, 304.11),
	(167, 273, 3, 536.10),
	(168, 137, 1, 30.22),
	(168, 198, 3, 429.06),
	(168, 295, 1, 864.18),
	(169, 284, 2, 863.82),
	(170, 14, 1, 458.47),
	(171, 213, 2, 684.55),
	(171, 295, 3, 864.18),
	(173, 138, 2, 787.35),
	(173, 158, 2, 569.30),
	(173, 224, 1, 598.98),
	(174, 62, 1, 767.78),
	(174, 66, 1, 106.62),
	(174, 214, 1, 55.87),
	(175, 150, 2, 303.05),
	(175, 260, 1, 387.02),
	(175, 262, 1, 367.92),
	(176, 293, 2, 316.59),
	(177, 9, 3, 222.06),
	(177, 73, 1, 5.69),
	(177, 215, 2, 343.24),
	(177, 294, 3, 520.19),
	(178, 122, 1, 223.11),
	(178, 173, 1, 91.21),
	(179, 34, 3, 891.06),
	(180, 17, 3, 963.80),
	(180, 37, 2, 275.54),
	(180, 131, 3, 543.61),
	(182, 4, 1, 166.81),
	(182, 7, 1, 50.28),
	(182, 26, 3, 718.45),
	(182, 99, 3, 786.89),
	(182, 145, 2, 638.46),
	(183, 30, 1, 8.50),
	(183, 55, 2, 629.66),
	(184, 159, 1, 846.67),
	(185, 162, 1, 497.10),
	(185, 284, 3, 863.82),
	(186, 34, 2, 891.06),
	(186, 174, 1, 265.45),
	(186, 189, 1, 702.25),
	(186, 212, 3, 356.67),
	(186, 238, 2, 522.26),
	(187, 135, 1, 317.03),
	(187, 151, 3, 847.19),
	(187, 163, 2, 552.88),
	(187, 203, 1, 770.95),
	(188, 47, 3, 452.98),
	(188, 112, 3, 295.40),
	(188, 125, 1, 787.58),
	(188, 175, 2, 205.26),
	(188, 206, 3, 951.49),
	(189, 248, 3, 851.55),
	(190, 24, 1, 476.84),
	(190, 32, 3, 940.34),
	(190, 201, 3, 164.15),
	(191, 15, 1, 815.13),
	(191, 16, 3, 420.90),
	(192, 18, 2, 585.29),
	(193, 7, 2, 50.28),
	(193, 69, 2, 166.20),
	(193, 142, 1, 127.77),
	(194, 107, 3, 320.32),
	(194, 115, 3, 493.59),
	(194, 236, 3, 861.23),
	(194, 257, 1, 527.49),
	(194, 270, 1, 545.75),
	(195, 70, 3, 914.46),
	(195, 201, 2, 164.15),
	(196, 134, 3, 412.25),
	(198, 23, 2, 88.78),
	(198, 56, 3, 530.87),
	(198, 66, 2, 106.62),
	(198, 201, 1, 164.15),
	(198, 225, 2, 84.63),
	(198, 227, 3, 642.33),
	(199, 27, 2, 764.27),
	(199, 118, 2, 314.07),
	(199, 144, 2, 136.88),
	(199, 163, 3, 552.88),
	(199, 218, 3, 487.53),
	(200, 2, 2, 934.79),
	(200, 7, 3, 50.28),
	(200, 102, 1, 490.45),
	(200, 125, 2, 787.58),
	(200, 175, 1, 205.26),
	(200, 182, 3, 63.90),
	(200, 183, 1, 887.32),
	(200, 256, 2, 433.05),
	(201, 42, 3, 659.76),
	(201, 88, 1, 279.07),
	(201, 166, 1, 327.13),
	(201, 181, 2, 893.40),
	(201, 263, 3, 329.76),
	(201, 265, 1, 888.92),
	(201, 267, 1, 971.46),
	(202, 25, 2, 699.07),
	(202, 115, 3, 493.59),
	(202, 262, 3, 367.92),
	(202, 283, 1, 393.97),
	(203, 38, 1, 13.98),
	(203, 86, 3, 471.37),
	(203, 93, 3, 117.53),
	(203, 261, 3, 260.01),
	(203, 295, 3, 864.18),
	(204, 34, 1, 891.06),
	(204, 61, 2, 666.08),
	(204, 106, 1, 358.40),
	(204, 188, 1, 776.58),
	(205, 150, 2, 303.05),
	(205, 159, 3, 846.67),
	(205, 182, 3, 63.90),
	(205, 220, 1, 727.05),
	(206, 6, 1, 412.49),
	(207, 25, 1, 699.07),
	(207, 43, 1, 358.63),
	(208, 266, 3, 974.99),
	(209, 166, 1, 327.13),
	(209, 178, 3, 772.26),
	(209, 239, 3, 190.25),
	(209, 259, 1, 241.15),
	(210, 39, 2, 575.00),
	(210, 52, 2, 659.77),
	(210, 109, 1, 536.41),
	(210, 179, 2, 597.76),
	(211, 2, 3, 934.79),
	(211, 10, 1, 660.77),
	(211, 29, 3, 172.73),
	(211, 76, 1, 294.64),
	(211, 206, 2, 951.49),
	(211, 283, 1, 393.97),
	(211, 287, 3, 519.00),
	(212, 66, 3, 106.62),
	(212, 97, 1, 518.01),
	(212, 159, 1, 846.67),
	(213, 119, 3, 668.04),
	(213, 139, 1, 732.98),
	(214, 99, 2, 786.89),
	(214, 118, 2, 314.07),
	(214, 189, 2, 702.25),
	(214, 210, 1, 401.32),
	(214, 228, 2, 370.84),
	(214, 268, 2, 951.63),
	(214, 291, 1, 384.42),
	(215, 240, 3, 754.98),
	(215, 260, 1, 387.02),
	(216, 8, 2, 507.03),
	(216, 153, 3, 623.26),
	(216, 253, 2, 982.39),
	(216, 276, 3, 728.65),
	(217, 196, 3, 469.59),
	(217, 207, 3, 631.64),
	(217, 252, 2, 148.06),
	(217, 285, 1, 22.48),
	(218, 203, 3, 770.95),
	(218, 278, 3, 67.23),
	(219, 31, 3, 436.17),
	(219, 46, 3, 207.03),
	(219, 118, 3, 314.07),
	(219, 161, 3, 713.94),
	(219, 165, 3, 761.00),
	(220, 249, 3, 956.15),
	(220, 272, 3, 480.85),
	(221, 290, 1, 139.38),
	(222, 24, 2, 476.84),
	(222, 287, 2, 519.00),
	(223, 294, 1, 520.19),
	(224, 86, 1, 471.37),
	(224, 181, 2, 893.40),
	(224, 208, 2, 244.95),
	(224, 237, 1, 254.46),
	(225, 16, 2, 420.90),
	(226, 82, 1, 701.22),
	(226, 145, 1, 638.46),
	(226, 166, 2, 327.13),
	(227, 250, 1, 3.75),
	(228, 129, 1, 505.48),
	(228, 207, 2, 631.64),
	(228, 208, 1, 244.95),
	(228, 282, 3, 998.62),
	(229, 289, 1, 511.08),
	(230, 20, 1, 17.57),
	(230, 94, 1, 136.01),
	(230, 112, 3, 295.40),
	(231, 128, 3, 594.15),
	(231, 146, 1, 675.11),
	(231, 237, 1, 254.46),
	(232, 73, 1, 5.69),
	(232, 114, 1, 763.96),
	(232, 117, 2, 822.98),
	(232, 162, 1, 497.10),
	(233, 30, 3, 8.50),
	(233, 240, 2, 754.98),
	(233, 283, 3, 393.97),
	(234, 80, 1, 255.34),
	(234, 166, 2, 327.13),
	(234, 239, 3, 190.25),
	(235, 151, 2, 847.19),
	(235, 159, 3, 846.67),
	(236, 73, 1, 5.69),
	(236, 115, 1, 493.59),
	(236, 133, 2, 980.14),
	(236, 148, 3, 229.58),
	(236, 193, 2, 49.56),
	(236, 215, 3, 343.24),
	(237, 40, 2, 731.62),
	(238, 157, 2, 227.24),
	(238, 252, 3, 148.06),
	(238, 261, 1, 260.01),
	(239, 248, 1, 851.55),
	(239, 281, 1, 707.74),
	(240, 92, 1, 235.92),
	(240, 189, 3, 702.25),
	(240, 238, 3, 522.26),
	(240, 261, 1, 260.01),
	(241, 208, 3, 244.95),
	(241, 255, 1, 909.60),
	(242, 73, 1, 5.69),
	(244, 60, 3, 754.97),
	(244, 144, 2, 136.88),
	(244, 164, 2, 112.13),
	(244, 290, 3, 139.38),
	(245, 40, 2, 731.62),
	(245, 99, 1, 786.89),
	(246, 167, 2, 577.20),
	(246, 246, 2, 554.77),
	(247, 159, 2, 846.67),
	(247, 165, 1, 761.00),
	(247, 244, 1, 387.77),
	(247, 265, 3, 888.92),
	(248, 249, 3, 956.15),
	(248, 278, 3, 67.23),
	(249, 32, 3, 940.34),
	(249, 125, 3, 787.58),
	(249, 194, 3, 913.32),
	(250, 98, 1, 331.59),
	(251, 227, 3, 642.33),
	(251, 257, 2, 527.49),
	(252, 91, 2, 852.54),
	(252, 93, 1, 117.53),
	(252, 225, 3, 84.63),
	(253, 59, 2, 843.80),
	(253, 177, 1, 519.85),
	(253, 189, 2, 702.25),
	(253, 227, 3, 642.33),
	(253, 254, 3, 789.15),
	(253, 288, 3, 277.92),
	(254, 59, 1, 843.80),
	(254, 153, 3, 623.26),
	(254, 286, 2, 212.85),
	(254, 293, 2, 316.59),
	(255, 50, 1, 583.92),
	(255, 73, 3, 5.69),
	(255, 219, 1, 784.46),
	(256, 106, 2, 358.40),
	(256, 140, 3, 762.22),
	(256, 294, 1, 520.19),
	(257, 85, 1, 281.46),
	(257, 183, 3, 887.32),
	(257, 251, 3, 579.02),
	(258, 141, 2, 933.07),
	(258, 205, 2, 640.70),
	(258, 233, 2, 940.17),
	(259, 98, 2, 331.59),
	(260, 8, 1, 507.03),
	(260, 277, 3, 666.81),
	(261, 26, 2, 718.45),
	(261, 44, 2, 414.59),
	(261, 109, 3, 536.41),
	(261, 238, 1, 522.26),
	(261, 270, 1, 545.75),
	(262, 244, 1, 387.77),
	(263, 118, 2, 314.07),
	(263, 186, 1, 605.66),
	(264, 56, 1, 530.87),
	(264, 167, 3, 577.20),
	(264, 194, 1, 913.32),
	(264, 260, 2, 387.02),
	(265, 29, 2, 172.73),
	(265, 31, 1, 436.17),
	(265, 209, 2, 821.11),
	(266, 23, 1, 88.78),
	(266, 90, 2, 489.78),
	(266, 111, 3, 724.24),
	(266, 139, 2, 732.98),
	(266, 268, 3, 951.63),
	(266, 284, 1, 863.82),
	(267, 44, 1, 414.59),
	(267, 95, 1, 610.29),
	(267, 146, 3, 675.11),
	(267, 160, 2, 186.94),
	(267, 215, 1, 343.24),
	(268, 38, 2, 13.98),
	(268, 40, 3, 731.62),
	(268, 182, 1, 63.90),
	(268, 221, 2, 342.65),
	(269, 80, 2, 255.34),
	(269, 140, 1, 762.22),
	(269, 153, 3, 623.26),
	(269, 176, 3, 599.23),
	(269, 187, 1, 334.90),
	(269, 266, 1, 974.99),
	(269, 283, 1, 393.97),
	(270, 109, 1, 536.41),
	(270, 169, 2, 480.27),
	(271, 3, 2, 146.36),
	(271, 82, 3, 701.22),
	(272, 47, 2, 452.98),
	(272, 146, 2, 675.11),
	(272, 215, 3, 343.24),
	(273, 185, 2, 932.75),
	(273, 206, 2, 951.49),
	(273, 290, 3, 139.38),
	(274, 4, 3, 166.81),
	(274, 30, 2, 8.50),
	(274, 138, 1, 787.35),
	(275, 221, 2, 342.65),
	(276, 211, 2, 249.53),
	(276, 278, 2, 67.23),
	(277, 63, 1, 158.14),
	(278, 190, 1, 557.72),
	(279, 120, 2, 935.05),
	(279, 229, 3, 58.97),
	(280, 44, 2, 414.59),
	(280, 46, 1, 207.03),
	(280, 98, 2, 331.59),
	(280, 124, 3, 927.98),
	(280, 185, 2, 932.75),
	(280, 243, 1, 384.80),
	(280, 260, 1, 387.02),
	(281, 54, 3, 291.09),
	(282, 33, 3, 577.85),
	(282, 73, 2, 5.69),
	(282, 152, 2, 350.70),
	(282, 222, 2, 525.03),
	(283, 78, 1, 110.12),
	(283, 224, 1, 598.98),
	(284, 55, 1, 629.66),
	(285, 14, 1, 458.47),
	(285, 17, 3, 963.80),
	(285, 170, 3, 84.89),
	(285, 187, 1, 334.90),
	(285, 249, 3, 956.15),
	(285, 281, 3, 707.74),
	(286, 120, 3, 935.05),
	(286, 136, 3, 601.90),
	(286, 160, 3, 186.94),
	(288, 36, 2, 520.76),
	(288, 148, 1, 229.58),
	(288, 255, 2, 909.60),
	(289, 83, 3, 436.02),
	(289, 112, 2, 295.40),
	(289, 139, 1, 732.98),
	(289, 163, 1, 552.88),
	(289, 233, 1, 940.17),
	(290, 105, 2, 239.03),
	(290, 186, 1, 605.66),
	(290, 205, 3, 640.70),
	(290, 293, 3, 316.59),
	(292, 125, 2, 787.58),
	(292, 174, 1, 265.45),
	(292, 186, 3, 605.66),
	(292, 198, 3, 429.06),
	(292, 286, 3, 212.85),
	(293, 100, 2, 984.46),
	(293, 102, 1, 490.45),
	(293, 192, 2, 40.02),
	(293, 217, 1, 286.87),
	(293, 237, 3, 254.46),
	(294, 137, 3, 30.22),
	(294, 148, 2, 229.58),
	(294, 173, 3, 91.21),
	(295, 99, 2, 786.89),
	(296, 28, 1, 868.68),
	(296, 38, 3, 13.98),
	(296, 151, 1, 847.19),
	(297, 25, 3, 699.07),
	(297, 271, 1, 8.56),
	(299, 40, 1, 731.62),
	(299, 104, 1, 874.56),
	(299, 190, 3, 557.72),
	(300, 151, 3, 847.19),
	(300, 254, 1, 789.15),
	(301, 4, 3, 166.81),
	(301, 137, 1, 30.22),
	(301, 205, 1, 640.70),
	(301, 213, 2, 684.55),
	(302, 7, 3, 50.28),
	(302, 113, 2, 585.96),
	(302, 155, 3, 467.51),
	(302, 193, 3, 49.56),
	(303, 62, 1, 767.78),
	(303, 135, 1, 317.03),
	(303, 154, 1, 171.40),
	(304, 197, 1, 92.16),
	(304, 220, 3, 727.05),
	(304, 270, 3, 545.75),
	(305, 248, 2, 851.55),
	(306, 110, 1, 532.88),
	(307, 109, 1, 536.41),
	(307, 156, 1, 285.97),
	(307, 180, 1, 839.53),
	(307, 284, 1, 863.82),
	(308, 131, 2, 543.61),
	(308, 134, 1, 412.25),
	(309, 189, 3, 702.25),
	(309, 276, 2, 728.65),
	(310, 53, 1, 506.83),
	(310, 89, 3, 258.45),
	(312, 219, 1, 784.46),
	(313, 32, 1, 940.34),
	(313, 41, 3, 355.02),
	(313, 138, 3, 787.35),
	(313, 269, 3, 151.06),
	(313, 282, 3, 998.62),
	(314, 17, 1, 963.80),
	(314, 219, 2, 784.46),
	(315, 113, 1, 585.96),
	(315, 221, 2, 342.65),
	(315, 243, 3, 384.80),
	(316, 47, 1, 452.98),
	(317, 6, 2, 412.49),
	(318, 222, 1, 525.03),
	(319, 223, 1, 411.21),
	(319, 274, 1, 614.51),
	(320, 204, 1, 947.44),
	(321, 33, 1, 577.85),
	(321, 85, 1, 281.46),
	(322, 110, 2, 532.88),
	(322, 202, 1, 62.33),
	(323, 38, 3, 13.98),
	(323, 123, 2, 366.12),
	(323, 252, 2, 148.06),
	(325, 159, 1, 846.67),
	(326, 20, 2, 17.57),
	(326, 97, 1, 518.01),
	(327, 25, 1, 699.07),
	(327, 29, 2, 172.73),
	(327, 173, 2, 91.21),
	(327, 209, 3, 821.11),
	(328, 156, 2, 285.97),
	(328, 193, 2, 49.56),
	(328, 286, 2, 212.85),
	(329, 64, 1, 882.69),
	(329, 79, 2, 383.60),
	(329, 146, 3, 675.11),
	(329, 209, 1, 821.11),
	(329, 272, 3, 480.85),
	(329, 299, 1, 899.48),
	(330, 116, 3, 772.12),
	(331, 31, 2, 436.17),
	(331, 114, 3, 763.96),
	(331, 137, 2, 30.22),
	(332, 111, 2, 724.24),
	(333, 91, 2, 852.54),
	(334, 74, 2, 149.51),
	(335, 23, 1, 88.78),
	(335, 98, 2, 331.59),
	(335, 235, 1, 467.85),
	(335, 263, 2, 329.76),
	(335, 292, 2, 54.54),
	(336, 6, 2, 412.49),
	(336, 25, 2, 699.07),
	(336, 110, 2, 532.88),
	(336, 127, 2, 368.59),
	(337, 9, 2, 222.06),
	(337, 125, 1, 787.58),
	(337, 174, 2, 265.45),
	(337, 193, 2, 49.56),
	(337, 223, 1, 411.21),
	(337, 249, 2, 956.15),
	(337, 268, 2, 951.63),
	(338, 27, 3, 764.27),
	(338, 41, 2, 355.02),
	(338, 190, 3, 557.72),
	(338, 198, 1, 429.06),
	(339, 23, 3, 88.78),
	(339, 55, 3, 629.66),
	(339, 115, 1, 493.59),
	(339, 164, 2, 112.13),
	(339, 205, 3, 640.70),
	(339, 244, 1, 387.77),
	(340, 124, 3, 927.98),
	(340, 184, 3, 700.99),
	(340, 191, 2, 216.07),
	(340, 200, 3, 117.60),
	(340, 242, 2, 357.39),
	(341, 189, 3, 702.25),
	(341, 200, 3, 117.60),
	(342, 36, 1, 520.76),
	(342, 195, 3, 911.51),
	(342, 216, 1, 623.89),
	(342, 217, 1, 286.87),
	(343, 112, 1, 295.40),
	(343, 117, 1, 822.98),
	(344, 32, 3, 940.34),
	(344, 72, 2, 828.72),
	(344, 76, 3, 294.64),
	(344, 87, 1, 590.37),
	(344, 135, 1, 317.03),
	(345, 68, 3, 507.27),
	(347, 32, 3, 940.34),
	(347, 228, 3, 370.84),
	(348, 26, 2, 718.45),
	(348, 37, 2, 275.54),
	(348, 139, 3, 732.98),
	(348, 156, 1, 285.97),
	(349, 167, 3, 577.20),
	(350, 25, 2, 699.07),
	(350, 277, 3, 666.81),
	(352, 11, 1, 795.98),
	(352, 49, 1, 150.43),
	(352, 111, 1, 724.24),
	(352, 130, 3, 930.88),
	(352, 217, 3, 286.87),
	(352, 231, 2, 880.96),
	(353, 282, 3, 998.62),
	(354, 77, 2, 417.23),
	(354, 148, 3, 229.58),
	(354, 261, 2, 260.01),
	(354, 287, 3, 519.00),
	(355, 54, 1, 291.09),
	(355, 68, 3, 507.27),
	(355, 204, 1, 947.44),
	(355, 300, 2, 373.19),
	(356, 175, 3, 205.26),
	(356, 182, 1, 63.90),
	(356, 271, 1, 8.56),
	(357, 106, 2, 358.40),
	(357, 177, 1, 519.85),
	(357, 240, 3, 754.98),
	(357, 283, 2, 393.97),
	(358, 22, 2, 174.39),
	(358, 82, 2, 701.22),
	(358, 230, 2, 32.43),
	(358, 286, 1, 212.85),
	(359, 56, 2, 530.87),
	(359, 134, 3, 412.25),
	(359, 262, 2, 367.92),
	(360, 166, 3, 327.13),
	(360, 176, 2, 599.23),
	(364, 120, 2, 935.05),
	(364, 261, 2, 260.01),
	(365, 71, 3, 715.41),
	(365, 267, 3, 971.46),
	(366, 5, 3, 763.74),
	(366, 10, 3, 660.77),
	(366, 299, 2, 899.48),
	(367, 242, 1, 357.39),
	(368, 17, 2, 963.80),
	(368, 65, 1, 418.15),
	(368, 76, 2, 294.64),
	(369, 72, 2, 828.72),
	(369, 118, 2, 314.07),
	(369, 210, 1, 401.32),
	(369, 272, 2, 480.85),
	(369, 282, 3, 998.62),
	(370, 286, 2, 212.85),
	(371, 48, 1, 223.36),
	(371, 69, 2, 166.20),
	(371, 163, 3, 552.88),
	(372, 115, 3, 493.59),
	(372, 139, 1, 732.98),
	(372, 257, 2, 527.49),
	(373, 147, 1, 28.45),
	(373, 229, 2, 58.97),
	(373, 235, 1, 467.85),
	(373, 241, 3, 329.62),
	(373, 292, 2, 54.54),
	(374, 239, 1, 190.25),
	(375, 69, 2, 166.20),
	(375, 148, 3, 229.58),
	(376, 62, 1, 767.78),
	(376, 151, 2, 847.19),
	(376, 223, 1, 411.21),
	(376, 285, 2, 22.48),
	(378, 78, 2, 110.12),
	(378, 121, 2, 366.27),
	(378, 228, 2, 370.84),
	(379, 34, 3, 891.06),
	(379, 202, 3, 62.33),
	(379, 214, 1, 55.87),
	(379, 233, 2, 940.17),
	(379, 277, 1, 666.81),
	(380, 33, 1, 577.85),
	(380, 225, 3, 84.63),
	(381, 108, 1, 43.12),
	(381, 136, 1, 601.90),
	(381, 201, 2, 164.15),
	(381, 283, 3, 393.97),
	(381, 296, 3, 709.88),
	(382, 233, 1, 940.17),
	(382, 285, 1, 22.48),
	(383, 3, 1, 146.36),
	(383, 71, 1, 715.41),
	(384, 142, 1, 127.77),
	(384, 148, 1, 229.58),
	(385, 278, 3, 67.23),
	(387, 18, 3, 585.29),
	(387, 168, 3, 547.08),
	(388, 108, 3, 43.12),
	(388, 221, 2, 342.65),
	(388, 238, 2, 522.26),
	(389, 50, 2, 583.92),
	(389, 149, 3, 720.33),
	(389, 174, 3, 265.45),
	(391, 37, 2, 275.54),
	(391, 109, 2, 536.41),
	(391, 207, 2, 631.64),
	(392, 166, 3, 327.13),
	(392, 200, 3, 117.60),
	(392, 247, 2, 294.75),
	(392, 255, 1, 909.60),
	(392, 262, 3, 367.92),
	(393, 21, 2, 690.71),
	(393, 107, 2, 320.32),
	(393, 137, 3, 30.22),
	(393, 239, 2, 190.25),
	(393, 273, 1, 536.10),
	(394, 42, 1, 659.76),
	(394, 91, 3, 852.54),
	(394, 184, 3, 700.99),
	(394, 263, 2, 329.76),
	(394, 276, 1, 728.65),
	(395, 193, 1, 49.56),
	(396, 63, 2, 158.14),
	(396, 81, 1, 819.41),
	(396, 107, 3, 320.32),
	(397, 115, 3, 493.59),
	(397, 186, 3, 605.66),
	(398, 22, 1, 174.39),
	(398, 149, 2, 720.33),
	(398, 164, 3, 112.13),
	(398, 188, 3, 776.58),
	(398, 233, 2, 940.17),
	(399, 140, 3, 762.22),
	(399, 231, 1, 880.96),
	(399, 300, 3, 373.19),
	(400, 174, 3, 265.45),
	(400, 278, 1, 67.23),
	(402, 2, 2, 934.79),
	(402, 38, 2, 13.98),
	(402, 86, 3, 471.37),
	(404, 179, 1, 597.76),
	(404, 210, 1, 401.32),
	(404, 271, 3, 8.56),
	(405, 31, 3, 436.17),
	(405, 185, 2, 932.75),
	(406, 70, 3, 914.46),
	(406, 97, 3, 518.01),
	(406, 167, 2, 577.20),
	(406, 219, 2, 784.46),
	(406, 290, 1, 139.38),
	(406, 292, 2, 54.54),
	(407, 7, 2, 50.28),
	(407, 43, 3, 358.63),
	(407, 142, 1, 127.77),
	(407, 195, 3, 911.51),
	(407, 253, 3, 982.39),
	(408, 18, 2, 585.29),
	(408, 30, 3, 8.50),
	(408, 50, 2, 583.92),
	(408, 122, 3, 223.11),
	(409, 118, 1, 314.07),
	(409, 225, 3, 84.63),
	(410, 108, 2, 43.12),
	(411, 54, 2, 291.09),
	(411, 58, 3, 176.93),
	(411, 61, 1, 666.08),
	(411, 126, 2, 393.30),
	(411, 148, 1, 229.58),
	(411, 191, 1, 216.07),
	(411, 210, 3, 401.32),
	(412, 8, 2, 507.03),
	(412, 80, 2, 255.34),
	(412, 130, 1, 930.88),
	(412, 259, 3, 241.15),
	(412, 279, 1, 186.40),
	(413, 118, 3, 314.07),
	(413, 155, 3, 467.51),
	(413, 170, 2, 84.89),
	(413, 246, 1, 554.77),
	(413, 252, 2, 148.06),
	(414, 21, 1, 690.71),
	(415, 58, 3, 176.93),
	(415, 106, 1, 358.40),
	(415, 116, 1, 772.12),
	(416, 9, 3, 222.06),
	(416, 241, 1, 329.62),
	(416, 260, 2, 387.02),
	(416, 283, 2, 393.97),
	(417, 164, 1, 112.13),
	(417, 233, 3, 940.17),
	(418, 224, 2, 598.98),
	(418, 274, 3, 614.51),
	(419, 133, 2, 980.14),
	(419, 246, 3, 554.77),
	(420, 4, 1, 166.81),
	(420, 282, 3, 998.62),
	(421, 49, 1, 150.43),
	(421, 68, 3, 507.27),
	(421, 135, 1, 317.03),
	(421, 220, 1, 727.05),
	(421, 282, 3, 998.62),
	(422, 119, 2, 668.04),
	(422, 285, 1, 22.48),
	(423, 62, 1, 767.78),
	(423, 66, 1, 106.62),
	(423, 71, 3, 715.41),
	(423, 99, 1, 786.89),
	(423, 134, 3, 412.25),
	(423, 240, 1, 754.98),
	(425, 29, 3, 172.73),
	(425, 103, 2, 850.47),
	(425, 129, 3, 505.48),
	(425, 166, 3, 327.13),
	(425, 217, 1, 286.87),
	(425, 252, 3, 148.06),
	(426, 76, 3, 294.64),
	(426, 179, 1, 597.76),
	(427, 45, 2, 706.85),
	(427, 63, 1, 158.14),
	(427, 230, 1, 32.43),
	(427, 262, 2, 367.92),
	(427, 274, 3, 614.51),
	(427, 294, 2, 520.19),
	(428, 300, 1, 373.19),
	(429, 192, 2, 40.02),
	(429, 213, 3, 684.55),
	(429, 225, 3, 84.63),
	(430, 45, 3, 706.85),
	(430, 76, 1, 294.64),
	(430, 222, 3, 525.03),
	(430, 226, 1, 682.97),
	(431, 116, 1, 772.12),
	(431, 152, 1, 350.70),
	(431, 202, 2, 62.33),
	(431, 204, 2, 947.44),
	(431, 211, 1, 249.53),
	(432, 198, 1, 429.06),
	(432, 217, 2, 286.87),
	(432, 248, 2, 851.55),
	(432, 270, 2, 545.75),
	(433, 7, 1, 50.28),
	(433, 82, 1, 701.22),
	(433, 196, 3, 469.59),
	(434, 102, 1, 490.45),
	(434, 148, 1, 229.58),
	(434, 197, 1, 92.16),
	(434, 289, 1, 511.08),
	(434, 300, 1, 373.19),
	(436, 18, 1, 585.29),
	(437, 191, 1, 216.07),
	(437, 209, 3, 821.11),
	(437, 260, 3, 387.02);
/*!40000 ALTER TABLE `order_product` ENABLE KEYS */;

-- Dump della struttura di tabella recap-join.products
CREATE TABLE IF NOT EXISTS `products` (
  `id` bigint(20) unsigned NOT NULL AUTO_INCREMENT,
  `name` varchar(128) COLLATE utf8mb4_unicode_ci NOT NULL,
  `slug` varchar(128) COLLATE utf8mb4_unicode_ci NOT NULL,
  `price` decimal(8,2) NOT NULL,
  `img` varchar(256) COLLATE utf8mb4_unicode_ci DEFAULT NULL,
  `available` int(11) NOT NULL DEFAULT '0',
  `category_id` bigint(20) unsigned DEFAULT NULL,
  `created_at` timestamp NULL DEFAULT NULL,
  `updated_at` timestamp NULL DEFAULT NULL,
  PRIMARY KEY (`id`),
  UNIQUE KEY `products_slug_unique` (`slug`),
  KEY `products_category_id_foreign` (`category_id`),
  CONSTRAINT `products_category_id_foreign` FOREIGN KEY (`category_id`) REFERENCES `categories` (`id`) ON DELETE SET NULL ON UPDATE CASCADE
) ENGINE=InnoDB AUTO_INCREMENT=301 DEFAULT CHARSET=utf8mb4 COLLATE=utf8mb4_unicode_ci;

-- Dump dei dati della tabella recap-join.products: ~300 rows (circa)
/*!40000 ALTER TABLE `products` DISABLE KEYS */;
REPLACE INTO `products` (`id`, `name`, `slug`, `price`, `img`, `available`, `category_id`, `created_at`, `updated_at`) VALUES
	(1, 'Flo Medhurst', 'flo-medhurst', 2.71, 'https://via.placeholder.com/640x480.png/007733?text=tempore', 732, 8, '2022-09-20 14:40:28', '2022-09-20 14:40:28'),
	(2, 'Erling Beatty', 'erling-beatty', 934.79, NULL, 962, NULL, '2022-09-20 14:40:28', '2022-09-20 14:40:28'),
	(3, 'Terrence Greenholt', 'terrence-greenholt', 146.36, 'https://via.placeholder.com/640x480.png/00bb33?text=illum', 494, NULL, '2022-09-20 14:40:28', '2022-09-20 14:40:28'),
	(4, 'Wilma Gleichner', 'wilma-gleichner', 166.81, 'https://via.placeholder.com/640x480.png/000077?text=ducimus', 559, 9, '2022-09-20 14:40:28', '2022-09-20 14:40:28'),
	(5, 'Nolan Berge', 'nolan-berge', 763.74, 'https://via.placeholder.com/640x480.png/00eeaa?text=harum', 787, NULL, '2022-09-20 14:40:28', '2022-09-20 14:40:28'),
	(6, 'Mr. Ahmed Wyman MD', 'mr-ahmed-wyman-md', 412.49, 'https://via.placeholder.com/640x480.png/009922?text=est', 716, 10, '2022-09-20 14:40:28', '2022-09-20 14:40:28'),
	(7, 'Wilfrid Weber', 'wilfrid-weber', 50.28, NULL, 769, 10, '2022-09-20 14:40:28', '2022-09-20 14:40:28'),
	(8, 'Callie Nikolaus', 'callie-nikolaus', 507.03, 'https://via.placeholder.com/640x480.png/00bb55?text=porro', 670, 3, '2022-09-20 14:40:28', '2022-09-20 14:40:28'),
	(9, 'Domenick O\'Conner', 'domenick-oconner', 222.06, NULL, 283, 7, '2022-09-20 14:40:28', '2022-09-20 14:40:28'),
	(10, 'Dorcas Brekke', 'dorcas-brekke', 660.77, NULL, 581, NULL, '2022-09-20 14:40:28', '2022-09-20 14:40:28'),
	(11, 'Mazie Effertz', 'mazie-effertz', 795.98, 'https://via.placeholder.com/640x480.png/000044?text=eius', 559, NULL, '2022-09-20 14:40:28', '2022-09-20 14:40:28'),
	(12, 'Prof. Gregoria Goyette V', 'prof-gregoria-goyette-v', 474.30, 'https://via.placeholder.com/640x480.png/0022dd?text=voluptatem', 528, NULL, '2022-09-20 14:40:28', '2022-09-20 14:40:28'),
	(13, 'Webster Prohaska', 'webster-prohaska', 9.28, 'https://via.placeholder.com/640x480.png/00ee99?text=veniam', 210, 7, '2022-09-20 14:40:28', '2022-09-20 14:40:28'),
	(14, 'Lambert Bernhard', 'lambert-bernhard', 458.47, NULL, 723, 9, '2022-09-20 14:40:28', '2022-09-20 14:40:28'),
	(15, 'Jed Hickle', 'jed-hickle', 815.13, NULL, 439, 1, '2022-09-20 14:40:28', '2022-09-20 14:40:28'),
	(16, 'Ms. Marlene Grimes', 'ms-marlene-grimes', 420.90, NULL, 392, 9, '2022-09-20 14:40:28', '2022-09-20 14:40:28'),
	(17, 'Nedra Buckridge', 'nedra-buckridge', 963.80, 'https://via.placeholder.com/640x480.png/000033?text=ut', 613, 6, '2022-09-20 14:40:28', '2022-09-20 14:40:28'),
	(18, 'Jermain Boyle', 'jermain-boyle', 585.29, NULL, 702, 4, '2022-09-20 14:40:28', '2022-09-20 14:40:28'),
	(19, 'Holden Stoltenberg', 'holden-stoltenberg', 966.01, NULL, 796, NULL, '2022-09-20 14:40:28', '2022-09-20 14:40:28'),
	(20, 'Miss Gia Wiza PhD', 'miss-gia-wiza-phd', 17.57, NULL, 270, NULL, '2022-09-20 14:40:28', '2022-09-20 14:40:28'),
	(21, 'Erik Terry', 'erik-terry', 690.71, NULL, 700, NULL, '2022-09-20 14:40:28', '2022-09-20 14:40:28'),
	(22, 'Kenna Kuhic', 'kenna-kuhic', 174.39, 'https://via.placeholder.com/640x480.png/00aadd?text=adipisci', 341, 8, '2022-09-20 14:40:28', '2022-09-20 14:40:28'),
	(23, 'Darlene Hoppe', 'darlene-hoppe', 88.78, 'https://via.placeholder.com/640x480.png/00ddaa?text=amet', 310, NULL, '2022-09-20 14:40:28', '2022-09-20 14:40:28'),
	(24, 'Frederique Balistreri', 'frederique-balistreri', 476.84, 'https://via.placeholder.com/640x480.png/00cc00?text=voluptates', 647, 4, '2022-09-20 14:40:28', '2022-09-20 14:40:28'),
	(25, 'Prof. Johnathon Aufderhar Sr.', 'prof-johnathon-aufderhar-sr', 699.07, NULL, 105, NULL, '2022-09-20 14:40:28', '2022-09-20 14:40:28'),
	(26, 'Gavin Yundt', 'gavin-yundt', 718.45, NULL, 594, NULL, '2022-09-20 14:40:28', '2022-09-20 14:40:28'),
	(27, 'Marcellus Jakubowski Sr.', 'marcellus-jakubowski-sr', 764.27, NULL, 135, NULL, '2022-09-20 14:40:28', '2022-09-20 14:40:28'),
	(28, 'Benjamin Deckow', 'benjamin-deckow', 868.68, NULL, 356, 8, '2022-09-20 14:40:28', '2022-09-20 14:40:28'),
	(29, 'Ozella Bechtelar', 'ozella-bechtelar', 172.73, NULL, 225, 3, '2022-09-20 14:40:28', '2022-09-20 14:40:28'),
	(30, 'Shayne Lakin PhD', 'shayne-lakin-phd', 8.50, NULL, 948, NULL, '2022-09-20 14:40:28', '2022-09-20 14:40:28'),
	(31, 'Prof. Cordelia Powlowski I', 'prof-cordelia-powlowski-i', 436.17, 'https://via.placeholder.com/640x480.png/0011dd?text=aut', 610, NULL, '2022-09-20 14:40:28', '2022-09-20 14:40:28'),
	(32, 'Mr. Arturo Runte', 'mr-arturo-runte', 940.34, NULL, 806, NULL, '2022-09-20 14:40:28', '2022-09-20 14:40:28'),
	(33, 'Dino Grady', 'dino-grady', 577.85, NULL, 697, 5, '2022-09-20 14:40:28', '2022-09-20 14:40:28'),
	(34, 'Velma Runolfsdottir DDS', 'velma-runolfsdottir-dds', 891.06, 'https://via.placeholder.com/640x480.png/00ff55?text=sequi', 74, 1, '2022-09-20 14:40:28', '2022-09-20 14:40:28'),
	(35, 'Rosemarie Prosacco', 'rosemarie-prosacco', 337.80, 'https://via.placeholder.com/640x480.png/0022aa?text=nesciunt', 587, 7, '2022-09-20 14:40:28', '2022-09-20 14:40:28'),
	(36, 'Dillon Reilly', 'dillon-reilly', 520.76, 'https://via.placeholder.com/640x480.png/0011ee?text=explicabo', 911, NULL, '2022-09-20 14:40:28', '2022-09-20 14:40:28'),
	(37, 'Ms. Carolyne Blanda II', 'ms-carolyne-blanda-ii', 275.54, NULL, 350, 1, '2022-09-20 14:40:28', '2022-09-20 14:40:28'),
	(38, 'Coleman Russel', 'coleman-russel', 13.98, 'https://via.placeholder.com/640x480.png/001144?text=illo', 710, 4, '2022-09-20 14:40:28', '2022-09-20 14:40:28'),
	(39, 'Prof. Nova Bernier', 'prof-nova-bernier', 575.00, NULL, 133, 1, '2022-09-20 14:40:28', '2022-09-20 14:40:28'),
	(40, 'Angel Huels', 'angel-huels', 731.62, NULL, 305, NULL, '2022-09-20 14:40:28', '2022-09-20 14:40:28'),
	(41, 'Ned Mills', 'ned-mills', 355.02, NULL, 567, NULL, '2022-09-20 14:40:28', '2022-09-20 14:40:28'),
	(42, 'Kian Marquardt I', 'kian-marquardt-i', 659.76, 'https://via.placeholder.com/640x480.png/003388?text=recusandae', 713, NULL, '2022-09-20 14:40:28', '2022-09-20 14:40:28'),
	(43, 'Glenda Gulgowski', 'glenda-gulgowski', 358.63, NULL, 731, 10, '2022-09-20 14:40:28', '2022-09-20 14:40:28'),
	(44, 'Morton Connelly', 'morton-connelly', 414.59, NULL, 736, 1, '2022-09-20 14:40:28', '2022-09-20 14:40:28'),
	(45, 'Lyric Jacobson PhD', 'lyric-jacobson-phd', 706.85, NULL, 458, 3, '2022-09-20 14:40:28', '2022-09-20 14:40:28'),
	(46, 'Benton Frami', 'benton-frami', 207.03, NULL, 615, NULL, '2022-09-20 14:40:28', '2022-09-20 14:40:28'),
	(47, 'Cicero Schamberger', 'cicero-schamberger', 452.98, NULL, 235, 8, '2022-09-20 14:40:28', '2022-09-20 14:40:28'),
	(48, 'Immanuel Larkin DVM', 'immanuel-larkin-dvm', 223.36, 'https://via.placeholder.com/640x480.png/00dd77?text=placeat', 767, NULL, '2022-09-20 14:40:28', '2022-09-20 14:40:28'),
	(49, 'Prof. Philip Larson PhD', 'prof-philip-larson-phd', 150.43, 'https://via.placeholder.com/640x480.png/00dd77?text=itaque', 670, 3, '2022-09-20 14:40:28', '2022-09-20 14:40:28'),
	(50, 'Nasir Mertz', 'nasir-mertz', 583.92, NULL, 7, NULL, '2022-09-20 14:40:28', '2022-09-20 14:40:28'),
	(51, 'Prof. Stanford Schiller II', 'prof-stanford-schiller-ii', 40.96, 'https://via.placeholder.com/640x480.png/0077ee?text=labore', 746, NULL, '2022-09-20 14:40:28', '2022-09-20 14:40:28'),
	(52, 'Clair Lubowitz', 'clair-lubowitz', 659.77, NULL, 893, 3, '2022-09-20 14:40:28', '2022-09-20 14:40:28'),
	(53, 'Gwen Tillman', 'gwen-tillman', 506.83, 'https://via.placeholder.com/640x480.png/008811?text=laboriosam', 708, NULL, '2022-09-20 14:40:28', '2022-09-20 14:40:28'),
	(54, 'Mrs. Justine O\'Reilly PhD', 'mrs-justine-oreilly-phd', 291.09, 'https://via.placeholder.com/640x480.png/004499?text=perferendis', 173, NULL, '2022-09-20 14:40:28', '2022-09-20 14:40:28'),
	(55, 'Coleman Koss IV', 'coleman-koss-iv', 629.66, NULL, 361, NULL, '2022-09-20 14:40:28', '2022-09-20 14:40:28'),
	(56, 'Prof. Emerald Denesik', 'prof-emerald-denesik', 530.87, NULL, 443, NULL, '2022-09-20 14:40:28', '2022-09-20 14:40:28'),
	(57, 'Mr. Enid Wyman V', 'mr-enid-wyman-v', 747.03, 'https://via.placeholder.com/640x480.png/00cc22?text=rem', 710, 7, '2022-09-20 14:40:28', '2022-09-20 14:40:28'),
	(58, 'Yasmine Farrell', 'yasmine-farrell', 176.93, NULL, 593, 1, '2022-09-20 14:40:28', '2022-09-20 14:40:28'),
	(59, 'Victor Deckow', 'victor-deckow', 843.80, NULL, 66, NULL, '2022-09-20 14:40:28', '2022-09-20 14:40:28'),
	(60, 'Celine Cummerata', 'celine-cummerata', 754.97, 'https://via.placeholder.com/640x480.png/00ff22?text=omnis', 950, NULL, '2022-09-20 14:40:28', '2022-09-20 14:40:28'),
	(61, 'Mr. Jeramy Jacobson', 'mr-jeramy-jacobson', 666.08, 'https://via.placeholder.com/640x480.png/008888?text=non', 243, NULL, '2022-09-20 14:40:28', '2022-09-20 14:40:28'),
	(62, 'Mrs. Leilani Kuhn', 'mrs-leilani-kuhn', 767.78, NULL, 139, NULL, '2022-09-20 14:40:28', '2022-09-20 14:40:28'),
	(63, 'Miss Delphine Fahey DVM', 'miss-delphine-fahey-dvm', 158.14, 'https://via.placeholder.com/640x480.png/0066aa?text=quia', 395, NULL, '2022-09-20 14:40:28', '2022-09-20 14:40:28'),
	(64, 'Mrs. Kylee Ziemann IV', 'mrs-kylee-ziemann-iv', 882.69, NULL, 208, NULL, '2022-09-20 14:40:28', '2022-09-20 14:40:28'),
	(65, 'Dr. Perry Runte', 'dr-perry-runte', 418.15, 'https://via.placeholder.com/640x480.png/001199?text=omnis', 761, NULL, '2022-09-20 14:40:28', '2022-09-20 14:40:28'),
	(66, 'Prof. Brain Mohr', 'prof-brain-mohr', 106.62, NULL, 524, 4, '2022-09-20 14:40:28', '2022-09-20 14:40:28'),
	(67, 'Dr. Evert Heathcote I', 'dr-evert-heathcote-i', 412.47, NULL, 448, NULL, '2022-09-20 14:40:28', '2022-09-20 14:40:28'),
	(68, 'Rosanna Yundt', 'rosanna-yundt', 507.27, NULL, 965, 3, '2022-09-20 14:40:28', '2022-09-20 14:40:28'),
	(69, 'Erica Kassulke', 'erica-kassulke', 166.20, 'https://via.placeholder.com/640x480.png/0066bb?text=est', 243, 5, '2022-09-20 14:40:28', '2022-09-20 14:40:28'),
	(70, 'Jermey McCullough', 'jermey-mccullough', 914.46, NULL, 747, 8, '2022-09-20 14:40:28', '2022-09-20 14:40:28'),
	(71, 'Jaylen Spinka MD', 'jaylen-spinka-md', 715.41, NULL, 138, NULL, '2022-09-20 14:40:28', '2022-09-20 14:40:28'),
	(72, 'Ms. Duane Hartmann', 'ms-duane-hartmann', 828.72, NULL, 293, 1, '2022-09-20 14:40:28', '2022-09-20 14:40:28'),
	(73, 'Xzavier Bins', 'xzavier-bins', 5.69, NULL, 97, NULL, '2022-09-20 14:40:28', '2022-09-20 14:40:28'),
	(74, 'Elizabeth Watsica', 'elizabeth-watsica', 149.51, 'https://via.placeholder.com/640x480.png/0088dd?text=sit', 864, NULL, '2022-09-20 14:40:28', '2022-09-20 14:40:28'),
	(75, 'Demetris Leffler', 'demetris-leffler', 767.55, NULL, 13, NULL, '2022-09-20 14:40:28', '2022-09-20 14:40:28'),
	(76, 'Lamont Schuster V', 'lamont-schuster-v', 294.64, NULL, 90, NULL, '2022-09-20 14:40:28', '2022-09-20 14:40:28'),
	(77, 'Dr. Faustino O\'Kon', 'dr-faustino-okon', 417.23, NULL, 646, NULL, '2022-09-20 14:40:28', '2022-09-20 14:40:28'),
	(78, 'Carolyn Lakin', 'carolyn-lakin', 110.12, 'https://via.placeholder.com/640x480.png/0044cc?text=veniam', 542, 4, '2022-09-20 14:40:28', '2022-09-20 14:40:28'),
	(79, 'Linnie Kemmer II', 'linnie-kemmer-ii', 383.60, NULL, 37, NULL, '2022-09-20 14:40:28', '2022-09-20 14:40:28'),
	(80, 'Myrtle Zulauf', 'myrtle-zulauf', 255.34, 'https://via.placeholder.com/640x480.png/007777?text=similique', 689, 7, '2022-09-20 14:40:28', '2022-09-20 14:40:28'),
	(81, 'Melissa Marvin', 'melissa-marvin', 819.41, 'https://via.placeholder.com/640x480.png/0055ff?text=quos', 293, 5, '2022-09-20 14:40:28', '2022-09-20 14:40:28'),
	(82, 'Delaney Tillman DVM', 'delaney-tillman-dvm', 701.22, NULL, 713, NULL, '2022-09-20 14:40:28', '2022-09-20 14:40:28'),
	(83, 'Chelsie Mitchell', 'chelsie-mitchell', 436.02, 'https://via.placeholder.com/640x480.png/0077bb?text=magnam', 469, NULL, '2022-09-20 14:40:28', '2022-09-20 14:40:28'),
	(84, 'Lexi Stiedemann', 'lexi-stiedemann', 993.63, NULL, 47, 10, '2022-09-20 14:40:28', '2022-09-20 14:40:28'),
	(85, 'Catalina Ferry', 'catalina-ferry', 281.46, 'https://via.placeholder.com/640x480.png/00ff33?text=ipsa', 487, 5, '2022-09-20 14:40:28', '2022-09-20 14:40:28'),
	(86, 'Prof. Annabell Will II', 'prof-annabell-will-ii', 471.37, 'https://via.placeholder.com/640x480.png/004466?text=nisi', 59, 6, '2022-09-20 14:40:28', '2022-09-20 14:40:28'),
	(87, 'Dr. Nadia Littel', 'dr-nadia-littel', 590.37, 'https://via.placeholder.com/640x480.png/008866?text=aliquid', 583, NULL, '2022-09-20 14:40:28', '2022-09-20 14:40:28'),
	(88, 'Dr. Linwood Wyman', 'dr-linwood-wyman', 279.07, NULL, 799, NULL, '2022-09-20 14:40:28', '2022-09-20 14:40:28'),
	(89, 'Nigel Sanford Sr.', 'nigel-sanford-sr', 258.45, 'https://via.placeholder.com/640x480.png/005577?text=nisi', 324, 2, '2022-09-20 14:40:28', '2022-09-20 14:40:28'),
	(90, 'Luella Dietrich IV', 'luella-dietrich-iv', 489.78, NULL, 727, NULL, '2022-09-20 14:40:28', '2022-09-20 14:40:28'),
	(91, 'Emmy Bartell', 'emmy-bartell', 852.54, NULL, 777, NULL, '2022-09-20 14:40:28', '2022-09-20 14:40:28'),
	(92, 'Damaris Reichel', 'damaris-reichel', 235.92, NULL, 763, 2, '2022-09-20 14:40:28', '2022-09-20 14:40:28'),
	(93, 'Mr. Jedediah Greenfelder', 'mr-jedediah-greenfelder', 117.53, 'https://via.placeholder.com/640x480.png/0088ff?text=sunt', 262, NULL, '2022-09-20 14:40:28', '2022-09-20 14:40:28'),
	(94, 'Prof. Edison Kuhn', 'prof-edison-kuhn', 136.01, 'https://via.placeholder.com/640x480.png/0055ee?text=consequatur', 35, NULL, '2022-09-20 14:40:28', '2022-09-20 14:40:28'),
	(95, 'Ila Torp Jr.', 'ila-torp-jr', 610.29, NULL, 620, 7, '2022-09-20 14:40:28', '2022-09-20 14:40:28'),
	(96, 'Mr. Evan Kilback MD', 'mr-evan-kilback-md', 584.05, 'https://via.placeholder.com/640x480.png/00aa44?text=numquam', 212, NULL, '2022-09-20 14:40:28', '2022-09-20 14:40:28'),
	(97, 'Mr. Lucious Smitham PhD', 'mr-lucious-smitham-phd', 518.01, 'https://via.placeholder.com/640x480.png/00bb99?text=molestias', 306, NULL, '2022-09-20 14:40:28', '2022-09-20 14:40:28'),
	(98, 'Frederic Gaylord', 'frederic-gaylord', 331.59, NULL, 755, NULL, '2022-09-20 14:40:28', '2022-09-20 14:40:28'),
	(99, 'Ms. Veronica Schaden Sr.', 'ms-veronica-schaden-sr', 786.89, 'https://via.placeholder.com/640x480.png/00dd44?text=dolorem', 787, NULL, '2022-09-20 14:40:28', '2022-09-20 14:40:28'),
	(100, 'Dr. Dallin Goodwin DVM', 'dr-dallin-goodwin-dvm', 984.46, NULL, 43, 3, '2022-09-20 14:40:28', '2022-09-20 14:40:28'),
	(101, 'Prof. Quincy Batz', 'prof-quincy-batz', 427.22, NULL, 235, NULL, '2022-09-20 14:40:28', '2022-09-20 14:40:28'),
	(102, 'Afton Deckow', 'afton-deckow', 490.45, NULL, 119, NULL, '2022-09-20 14:40:28', '2022-09-20 14:40:28'),
	(103, 'Clotilde King', 'clotilde-king', 850.47, NULL, 296, 10, '2022-09-20 14:40:28', '2022-09-20 14:40:28'),
	(104, 'Mr. Milan Smith', 'mr-milan-smith', 874.56, NULL, 525, NULL, '2022-09-20 14:40:28', '2022-09-20 14:40:28'),
	(105, 'Mrs. Blanche Ward Sr.', 'mrs-blanche-ward-sr', 239.03, NULL, 833, 10, '2022-09-20 14:40:28', '2022-09-20 14:40:28'),
	(106, 'Alvis Ledner', 'alvis-ledner', 358.40, NULL, 68, NULL, '2022-09-20 14:40:28', '2022-09-20 14:40:28'),
	(107, 'Savanna Botsford', 'savanna-botsford', 320.32, NULL, 85, 7, '2022-09-20 14:40:28', '2022-09-20 14:40:28'),
	(108, 'Ada Murazik IV', 'ada-murazik-iv', 43.12, NULL, 498, NULL, '2022-09-20 14:40:28', '2022-09-20 14:40:28'),
	(109, 'Viva Dach', 'viva-dach', 536.41, 'https://via.placeholder.com/640x480.png/002255?text=et', 285, 6, '2022-09-20 14:40:28', '2022-09-20 14:40:28'),
	(110, 'Jed Altenwerth', 'jed-altenwerth', 532.88, 'https://via.placeholder.com/640x480.png/0055dd?text=fugit', 662, NULL, '2022-09-20 14:40:28', '2022-09-20 14:40:28'),
	(111, 'Sadye Nitzsche', 'sadye-nitzsche', 724.24, 'https://via.placeholder.com/640x480.png/00ccff?text=similique', 232, 1, '2022-09-20 14:40:28', '2022-09-20 14:40:28'),
	(112, 'Leone Bayer DDS', 'leone-bayer-dds', 295.40, NULL, 309, NULL, '2022-09-20 14:40:28', '2022-09-20 14:40:28'),
	(113, 'Jailyn Upton', 'jailyn-upton', 585.96, NULL, 386, NULL, '2022-09-20 14:40:28', '2022-09-20 14:40:28'),
	(114, 'Dorris Wolff', 'dorris-wolff', 763.96, NULL, 380, NULL, '2022-09-20 14:40:28', '2022-09-20 14:40:28'),
	(115, 'Garrett Stamm', 'garrett-stamm', 493.59, NULL, 771, 1, '2022-09-20 14:40:28', '2022-09-20 14:40:28'),
	(116, 'Dr. Nat Wilderman III', 'dr-nat-wilderman-iii', 772.12, NULL, 140, 8, '2022-09-20 14:40:28', '2022-09-20 14:40:28'),
	(117, 'Briana Walsh PhD', 'briana-walsh-phd', 822.98, 'https://via.placeholder.com/640x480.png/001188?text=deleniti', 331, 9, '2022-09-20 14:40:28', '2022-09-20 14:40:28'),
	(118, 'Miss Keira Luettgen', 'miss-keira-luettgen', 314.07, NULL, 322, 10, '2022-09-20 14:40:28', '2022-09-20 14:40:28'),
	(119, 'Miss Kasandra Berge', 'miss-kasandra-berge', 668.04, 'https://via.placeholder.com/640x480.png/00ff55?text=libero', 853, NULL, '2022-09-20 14:40:28', '2022-09-20 14:40:28'),
	(120, 'Rebeca Ryan', 'rebeca-ryan', 935.05, 'https://via.placeholder.com/640x480.png/007788?text=doloribus', 827, 7, '2022-09-20 14:40:28', '2022-09-20 14:40:28'),
	(121, 'Mrs. Aiyana Dietrich', 'mrs-aiyana-dietrich', 366.27, NULL, 666, 1, '2022-09-20 14:40:28', '2022-09-20 14:40:28'),
	(122, 'Wade Hane', 'wade-hane', 223.11, 'https://via.placeholder.com/640x480.png/004488?text=ipsam', 93, NULL, '2022-09-20 14:40:28', '2022-09-20 14:40:28'),
	(123, 'Delbert Schaefer', 'delbert-schaefer', 366.12, NULL, 254, NULL, '2022-09-20 14:40:28', '2022-09-20 14:40:28'),
	(124, 'Mrs. Destini Padberg II', 'mrs-destini-padberg-ii', 927.98, 'https://via.placeholder.com/640x480.png/0022dd?text=corporis', 322, 9, '2022-09-20 14:40:28', '2022-09-20 14:40:28'),
	(125, 'Peggie Mosciski', 'peggie-mosciski', 787.58, NULL, 835, 3, '2022-09-20 14:40:28', '2022-09-20 14:40:28'),
	(126, 'Joanny Cronin', 'joanny-cronin', 393.30, 'https://via.placeholder.com/640x480.png/00ffdd?text=enim', 20, 10, '2022-09-20 14:40:28', '2022-09-20 14:40:28'),
	(127, 'Noble Rolfson', 'noble-rolfson', 368.59, NULL, 375, NULL, '2022-09-20 14:40:28', '2022-09-20 14:40:28'),
	(128, 'Winfield Ernser', 'winfield-ernser', 594.15, NULL, 457, NULL, '2022-09-20 14:40:28', '2022-09-20 14:40:28'),
	(129, 'Otto Stehr', 'otto-stehr', 505.48, NULL, 49, NULL, '2022-09-20 14:40:28', '2022-09-20 14:40:28'),
	(130, 'Prof. Josephine Ratke', 'prof-josephine-ratke', 930.88, NULL, 29, NULL, '2022-09-20 14:40:28', '2022-09-20 14:40:28'),
	(131, 'Roger Maggio Sr.', 'roger-maggio-sr', 543.61, NULL, 827, 8, '2022-09-20 14:40:28', '2022-09-20 14:40:28'),
	(132, 'Prof. Soledad Fritsch Sr.', 'prof-soledad-fritsch-sr', 585.33, NULL, 874, NULL, '2022-09-20 14:40:28', '2022-09-20 14:40:28'),
	(133, 'Prof. Astrid Turcotte III', 'prof-astrid-turcotte-iii', 980.14, NULL, 629, NULL, '2022-09-20 14:40:28', '2022-09-20 14:40:28'),
	(134, 'Prof. Angus Schuster V', 'prof-angus-schuster-v', 412.25, 'https://via.placeholder.com/640x480.png/00ccbb?text=exercitationem', 834, 6, '2022-09-20 14:40:28', '2022-09-20 14:40:28'),
	(135, 'Carlie Fay Jr.', 'carlie-fay-jr', 317.03, NULL, 256, NULL, '2022-09-20 14:40:28', '2022-09-20 14:40:28'),
	(136, 'Mr. Nico Ziemann PhD', 'mr-nico-ziemann-phd', 601.90, NULL, 435, 6, '2022-09-20 14:40:28', '2022-09-20 14:40:28'),
	(137, 'Gino Gibson', 'gino-gibson', 30.22, NULL, 773, 8, '2022-09-20 14:40:28', '2022-09-20 14:40:28'),
	(138, 'Miss Yesenia Murray Jr.', 'miss-yesenia-murray-jr', 787.35, 'https://via.placeholder.com/640x480.png/00bb11?text=cupiditate', 942, NULL, '2022-09-20 14:40:28', '2022-09-20 14:40:28'),
	(139, 'Prof. Florian Pacocha', 'prof-florian-pacocha', 732.98, NULL, 618, 9, '2022-09-20 14:40:28', '2022-09-20 14:40:28'),
	(140, 'Stephen Grant', 'stephen-grant', 762.22, NULL, 357, NULL, '2022-09-20 14:40:28', '2022-09-20 14:40:28'),
	(141, 'Kameron Metz', 'kameron-metz', 933.07, NULL, 905, NULL, '2022-09-20 14:40:28', '2022-09-20 14:40:28'),
	(142, 'Dr. Jan Feil II', 'dr-jan-feil-ii', 127.77, NULL, 452, NULL, '2022-09-20 14:40:28', '2022-09-20 14:40:28'),
	(143, 'Eliezer Rolfson', 'eliezer-rolfson', 627.94, 'https://via.placeholder.com/640x480.png/0077ff?text=nostrum', 186, 8, '2022-09-20 14:40:28', '2022-09-20 14:40:28'),
	(144, 'Loren Yundt', 'loren-yundt', 136.88, 'https://via.placeholder.com/640x480.png/000033?text=quo', 278, NULL, '2022-09-20 14:40:28', '2022-09-20 14:40:28'),
	(145, 'Dr. Kaylie Cassin II', 'dr-kaylie-cassin-ii', 638.46, NULL, 670, NULL, '2022-09-20 14:40:28', '2022-09-20 14:40:28'),
	(146, 'Ignacio Kertzmann IV', 'ignacio-kertzmann-iv', 675.11, NULL, 357, 8, '2022-09-20 14:40:28', '2022-09-20 14:40:28'),
	(147, 'Cornelius Langosh', 'cornelius-langosh', 28.45, 'https://via.placeholder.com/640x480.png/0077aa?text=aliquid', 524, NULL, '2022-09-20 14:40:28', '2022-09-20 14:40:28'),
	(148, 'Elvis Jacobs', 'elvis-jacobs', 229.58, 'https://via.placeholder.com/640x480.png/0066ee?text=eius', 811, NULL, '2022-09-20 14:40:28', '2022-09-20 14:40:28'),
	(149, 'Cindy Schultz', 'cindy-schultz', 720.33, 'https://via.placeholder.com/640x480.png/005566?text=quaerat', 770, 6, '2022-09-20 14:40:28', '2022-09-20 14:40:28'),
	(150, 'Dr. Yasmin Roberts I', 'dr-yasmin-roberts-i', 303.05, NULL, 752, NULL, '2022-09-20 14:40:28', '2022-09-20 14:40:28'),
	(151, 'Frederic White', 'frederic-white', 847.19, 'https://via.placeholder.com/640x480.png/0099bb?text=vero', 815, 9, '2022-09-20 14:40:28', '2022-09-20 14:40:28'),
	(152, 'Johnathon Cole', 'johnathon-cole', 350.70, NULL, 199, NULL, '2022-09-20 14:40:28', '2022-09-20 14:40:28'),
	(153, 'Nikki Greenholt', 'nikki-greenholt', 623.26, NULL, 172, NULL, '2022-09-20 14:40:28', '2022-09-20 14:40:28'),
	(154, 'Roslyn Schultz', 'roslyn-schultz', 171.40, 'https://via.placeholder.com/640x480.png/0099ff?text=possimus', 38, NULL, '2022-09-20 14:40:28', '2022-09-20 14:40:28'),
	(155, 'Prof. Amanda Macejkovic', 'prof-amanda-macejkovic', 467.51, NULL, 286, 7, '2022-09-20 14:40:28', '2022-09-20 14:40:28'),
	(156, 'Helga Vandervort', 'helga-vandervort', 285.97, NULL, 377, 8, '2022-09-20 14:40:28', '2022-09-20 14:40:28'),
	(157, 'Donna Leannon', 'donna-leannon', 227.24, NULL, 767, 3, '2022-09-20 14:40:28', '2022-09-20 14:40:28'),
	(158, 'Allie Treutel', 'allie-treutel', 569.30, 'https://via.placeholder.com/640x480.png/00ff00?text=accusamus', 876, NULL, '2022-09-20 14:40:28', '2022-09-20 14:40:28'),
	(159, 'Prof. Marlon Stoltenberg MD', 'prof-marlon-stoltenberg-md', 846.67, 'https://via.placeholder.com/640x480.png/004499?text=tempora', 432, NULL, '2022-09-20 14:40:28', '2022-09-20 14:40:28'),
	(160, 'Haven Trantow', 'haven-trantow', 186.94, 'https://via.placeholder.com/640x480.png/004444?text=veniam', 156, 4, '2022-09-20 14:40:28', '2022-09-20 14:40:28'),
	(161, 'Aliyah Stark DDS', 'aliyah-stark-dds', 713.94, 'https://via.placeholder.com/640x480.png/009999?text=enim', 735, NULL, '2022-09-20 14:40:28', '2022-09-20 14:40:28'),
	(162, 'Mr. Dudley Hartmann II', 'mr-dudley-hartmann-ii', 497.10, NULL, 926, 4, '2022-09-20 14:40:28', '2022-09-20 14:40:28'),
	(163, 'Curt Considine DDS', 'curt-considine-dds', 552.88, 'https://via.placeholder.com/640x480.png/0033bb?text=voluptas', 241, NULL, '2022-09-20 14:40:28', '2022-09-20 14:40:28'),
	(164, 'Jaren Murray', 'jaren-murray', 112.13, 'https://via.placeholder.com/640x480.png/005544?text=ducimus', 512, NULL, '2022-09-20 14:40:28', '2022-09-20 14:40:28'),
	(165, 'Torrey Hartmann', 'torrey-hartmann', 761.00, 'https://via.placeholder.com/640x480.png/00ee99?text=voluptatem', 493, NULL, '2022-09-20 14:40:28', '2022-09-20 14:40:28'),
	(166, 'Araceli Nicolas', 'araceli-nicolas', 327.13, 'https://via.placeholder.com/640x480.png/0088aa?text=quibusdam', 977, NULL, '2022-09-20 14:40:28', '2022-09-20 14:40:28'),
	(167, 'Llewellyn Block', 'llewellyn-block', 577.20, NULL, 48, 4, '2022-09-20 14:40:28', '2022-09-20 14:40:28'),
	(168, 'Darien Goyette Jr.', 'darien-goyette-jr', 547.08, NULL, 958, NULL, '2022-09-20 14:40:28', '2022-09-20 14:40:28'),
	(169, 'Christiana Spinka', 'christiana-spinka', 480.27, 'https://via.placeholder.com/640x480.png/00aa66?text=pariatur', 405, 10, '2022-09-20 14:40:28', '2022-09-20 14:40:28'),
	(170, 'Margret Maggio', 'margret-maggio', 84.89, NULL, 388, 2, '2022-09-20 14:40:28', '2022-09-20 14:40:28'),
	(171, 'Hunter Swift', 'hunter-swift', 383.09, NULL, 659, 7, '2022-09-20 14:40:28', '2022-09-20 14:40:28'),
	(172, 'Krystina Wilderman', 'krystina-wilderman', 449.31, 'https://via.placeholder.com/640x480.png/0044cc?text=impedit', 137, NULL, '2022-09-20 14:40:28', '2022-09-20 14:40:28'),
	(173, 'Vilma Auer', 'vilma-auer', 91.21, 'https://via.placeholder.com/640x480.png/0022bb?text=aut', 135, 6, '2022-09-20 14:40:28', '2022-09-20 14:40:28'),
	(174, 'Thurman Runolfsdottir', 'thurman-runolfsdottir', 265.45, 'https://via.placeholder.com/640x480.png/0033cc?text=sunt', 786, NULL, '2022-09-20 14:40:28', '2022-09-20 14:40:28'),
	(175, 'Laverne Waelchi', 'laverne-waelchi', 205.26, NULL, 981, 4, '2022-09-20 14:40:28', '2022-09-20 14:40:28'),
	(176, 'Andreane Toy DDS', 'andreane-toy-dds', 599.23, NULL, 71, NULL, '2022-09-20 14:40:28', '2022-09-20 14:40:28'),
	(177, 'Dr. Geoffrey Stark Sr.', 'dr-geoffrey-stark-sr', 519.85, 'https://via.placeholder.com/640x480.png/002277?text=maiores', 807, 4, '2022-09-20 14:40:28', '2022-09-20 14:40:28'),
	(178, 'Trevor Haag II', 'trevor-haag-ii', 772.26, 'https://via.placeholder.com/640x480.png/005577?text=quo', 464, 7, '2022-09-20 14:40:28', '2022-09-20 14:40:28'),
	(179, 'Tavares Schiller', 'tavares-schiller', 597.76, 'https://via.placeholder.com/640x480.png/0055bb?text=vitae', 128, 4, '2022-09-20 14:40:28', '2022-09-20 14:40:28'),
	(180, 'Phyllis Effertz', 'phyllis-effertz', 839.53, NULL, 813, NULL, '2022-09-20 14:40:28', '2022-09-20 14:40:28'),
	(181, 'Gage Lakin', 'gage-lakin', 893.40, NULL, 722, NULL, '2022-09-20 14:40:28', '2022-09-20 14:40:28'),
	(182, 'Mr. Nicolas Cruickshank', 'mr-nicolas-cruickshank', 63.90, 'https://via.placeholder.com/640x480.png/00dddd?text=ut', 250, NULL, '2022-09-20 14:40:28', '2022-09-20 14:40:28'),
	(183, 'Prof. Rocky Dicki', 'prof-rocky-dicki', 887.32, 'https://via.placeholder.com/640x480.png/00aa44?text=necessitatibus', 640, NULL, '2022-09-20 14:40:28', '2022-09-20 14:40:28'),
	(184, 'Dr. Zackary Dooley', 'dr-zackary-dooley', 700.99, 'https://via.placeholder.com/640x480.png/000077?text=sapiente', 138, 10, '2022-09-20 14:40:28', '2022-09-20 14:40:28'),
	(185, 'Prof. Gonzalo Rosenbaum', 'prof-gonzalo-rosenbaum', 932.75, 'https://via.placeholder.com/640x480.png/00cc77?text=labore', 950, 3, '2022-09-20 14:40:28', '2022-09-20 14:40:28'),
	(186, 'Kailee Rice', 'kailee-rice', 605.66, 'https://via.placeholder.com/640x480.png/00ff55?text=ad', 695, NULL, '2022-09-20 14:40:28', '2022-09-20 14:40:28'),
	(187, 'Tyra Kutch III', 'tyra-kutch-iii', 334.90, NULL, 252, NULL, '2022-09-20 14:40:28', '2022-09-20 14:40:28'),
	(188, 'Mr. Odell Hoeger PhD', 'mr-odell-hoeger-phd', 776.58, 'https://via.placeholder.com/640x480.png/0022ff?text=ut', 567, NULL, '2022-09-20 14:40:28', '2022-09-20 14:40:28'),
	(189, 'Mrs. Ena Von III', 'mrs-ena-von-iii', 702.25, NULL, 845, NULL, '2022-09-20 14:40:28', '2022-09-20 14:40:28'),
	(190, 'Estefania Lockman', 'estefania-lockman', 557.72, NULL, 67, NULL, '2022-09-20 14:40:28', '2022-09-20 14:40:28'),
	(191, 'Mr. Josiah Bernhard', 'mr-josiah-bernhard', 216.07, 'https://via.placeholder.com/640x480.png/004499?text=occaecati', 597, NULL, '2022-09-20 14:40:28', '2022-09-20 14:40:28'),
	(192, 'Lilliana Bogisich', 'lilliana-bogisich', 40.02, NULL, 104, NULL, '2022-09-20 14:40:28', '2022-09-20 14:40:28'),
	(193, 'Jacquelyn Hintz', 'jacquelyn-hintz', 49.56, NULL, 821, NULL, '2022-09-20 14:40:28', '2022-09-20 14:40:28'),
	(194, 'Prof. Chance Cole', 'prof-chance-cole', 913.32, NULL, 591, 8, '2022-09-20 14:40:28', '2022-09-20 14:40:28'),
	(195, 'Peggie Rath', 'peggie-rath', 911.51, 'https://via.placeholder.com/640x480.png/001144?text=ullam', 152, NULL, '2022-09-20 14:40:28', '2022-09-20 14:40:28'),
	(196, 'Prof. Nestor Borer I', 'prof-nestor-borer-i', 469.59, 'https://via.placeholder.com/640x480.png/00cccc?text=vel', 216, 5, '2022-09-20 14:40:28', '2022-09-20 14:40:28'),
	(197, 'Keira Nienow', 'keira-nienow', 92.16, NULL, 915, NULL, '2022-09-20 14:40:28', '2022-09-20 14:40:28'),
	(198, 'Lilly Prohaska', 'lilly-prohaska', 429.06, 'https://via.placeholder.com/640x480.png/007799?text=et', 6, NULL, '2022-09-20 14:40:28', '2022-09-20 14:40:28'),
	(199, 'Viviane Kuhn', 'viviane-kuhn', 24.07, 'https://via.placeholder.com/640x480.png/0033ff?text=ut', 351, 9, '2022-09-20 14:40:28', '2022-09-20 14:40:28'),
	(200, 'Gilbert Paucek', 'gilbert-paucek', 117.60, NULL, 31, NULL, '2022-09-20 14:40:28', '2022-09-20 14:40:28'),
	(201, 'Norwood Littel', 'norwood-littel', 164.15, NULL, 504, NULL, '2022-09-20 14:40:28', '2022-09-20 14:40:28'),
	(202, 'Emma Boyle', 'emma-boyle', 62.33, NULL, 852, 10, '2022-09-20 14:40:28', '2022-09-20 14:40:28'),
	(203, 'Winston Kreiger DVM', 'winston-kreiger-dvm', 770.95, NULL, 827, NULL, '2022-09-20 14:40:28', '2022-09-20 14:40:28'),
	(204, 'Dr. Brandon Schiller', 'dr-brandon-schiller', 947.44, NULL, 86, 10, '2022-09-20 14:40:28', '2022-09-20 14:40:28'),
	(205, 'Dion Batz', 'dion-batz', 640.70, NULL, 62, NULL, '2022-09-20 14:40:28', '2022-09-20 14:40:28'),
	(206, 'Ursula Feest', 'ursula-feest', 951.49, 'https://via.placeholder.com/640x480.png/007755?text=ab', 7, NULL, '2022-09-20 14:40:28', '2022-09-20 14:40:28'),
	(207, 'Mr. Jermain Rosenbaum I', 'mr-jermain-rosenbaum-i', 631.64, NULL, 737, NULL, '2022-09-20 14:40:28', '2022-09-20 14:40:28'),
	(208, 'Hulda Gibson', 'hulda-gibson', 244.95, 'https://via.placeholder.com/640x480.png/004499?text=molestias', 438, NULL, '2022-09-20 14:40:28', '2022-09-20 14:40:28'),
	(209, 'Laverne Lowe', 'laverne-lowe', 821.11, NULL, 830, 6, '2022-09-20 14:40:28', '2022-09-20 14:40:28'),
	(210, 'Cooper Rogahn', 'cooper-rogahn', 401.32, 'https://via.placeholder.com/640x480.png/003322?text=et', 312, NULL, '2022-09-20 14:40:28', '2022-09-20 14:40:28'),
	(211, 'Prof. Anderson Hettinger Sr.', 'prof-anderson-hettinger-sr', 249.53, NULL, 473, 4, '2022-09-20 14:40:28', '2022-09-20 14:40:28'),
	(212, 'Florida Kuhlman I', 'florida-kuhlman-i', 356.67, 'https://via.placeholder.com/640x480.png/006666?text=est', 656, NULL, '2022-09-20 14:40:28', '2022-09-20 14:40:28'),
	(213, 'Dallas Reinger', 'dallas-reinger', 684.55, NULL, 918, 4, '2022-09-20 14:40:28', '2022-09-20 14:40:28'),
	(214, 'Caleigh Von II', 'caleigh-von-ii', 55.87, 'https://via.placeholder.com/640x480.png/001133?text=omnis', 798, NULL, '2022-09-20 14:40:28', '2022-09-20 14:40:28'),
	(215, 'Mr. Lamar Bergstrom', 'mr-lamar-bergstrom', 343.24, NULL, 766, 7, '2022-09-20 14:40:28', '2022-09-20 14:40:28'),
	(216, 'Dr. Marquis Sauer DVM', 'dr-marquis-sauer-dvm', 623.89, 'https://via.placeholder.com/640x480.png/00dd44?text=nemo', 167, NULL, '2022-09-20 14:40:28', '2022-09-20 14:40:28'),
	(217, 'Prof. Rasheed Lowe', 'prof-rasheed-lowe', 286.87, 'https://via.placeholder.com/640x480.png/00ee77?text=id', 175, 9, '2022-09-20 14:40:28', '2022-09-20 14:40:28'),
	(218, 'Leilani Hand Sr.', 'leilani-hand-sr', 487.53, 'https://via.placeholder.com/640x480.png/00ee77?text=fugiat', 759, 1, '2022-09-20 14:40:28', '2022-09-20 14:40:28'),
	(219, 'Bettye Littel', 'bettye-littel', 784.46, 'https://via.placeholder.com/640x480.png/0099ee?text=labore', 660, NULL, '2022-09-20 14:40:28', '2022-09-20 14:40:28'),
	(220, 'Dr. Marietta Kunze', 'dr-marietta-kunze', 727.05, 'https://via.placeholder.com/640x480.png/0022ff?text=impedit', 269, 5, '2022-09-20 14:40:28', '2022-09-20 14:40:28'),
	(221, 'Dino Fritsch', 'dino-fritsch', 342.65, NULL, 204, 4, '2022-09-20 14:40:28', '2022-09-20 14:40:28'),
	(222, 'Nicole Schultz', 'nicole-schultz', 525.03, NULL, 271, NULL, '2022-09-20 14:40:29', '2022-09-20 14:40:29'),
	(223, 'Barney Lang', 'barney-lang', 411.21, 'https://via.placeholder.com/640x480.png/00ccaa?text=placeat', 833, 6, '2022-09-20 14:40:29', '2022-09-20 14:40:29'),
	(224, 'Dr. Deshaun Rutherford I', 'dr-deshaun-rutherford-i', 598.98, NULL, 253, 2, '2022-09-20 14:40:29', '2022-09-20 14:40:29'),
	(225, 'Laurianne Beahan MD', 'laurianne-beahan-md', 84.63, NULL, 761, 1, '2022-09-20 14:40:29', '2022-09-20 14:40:29'),
	(226, 'Prof. Nayeli Smith II', 'prof-nayeli-smith-ii', 682.97, 'https://via.placeholder.com/640x480.png/0077aa?text=voluptates', 455, NULL, '2022-09-20 14:40:29', '2022-09-20 14:40:29'),
	(227, 'Lucas Botsford', 'lucas-botsford', 642.33, NULL, 805, 8, '2022-09-20 14:40:29', '2022-09-20 14:40:29'),
	(228, 'Jayden Schamberger', 'jayden-schamberger', 370.84, 'https://via.placeholder.com/640x480.png/005588?text=doloremque', 287, 8, '2022-09-20 14:40:29', '2022-09-20 14:40:29'),
	(229, 'Mrs. Krystel Kertzmann', 'mrs-krystel-kertzmann', 58.97, NULL, 474, NULL, '2022-09-20 14:40:29', '2022-09-20 14:40:29'),
	(230, 'Lisa O\'Kon', 'lisa-okon', 32.43, NULL, 240, NULL, '2022-09-20 14:40:29', '2022-09-20 14:40:29'),
	(231, 'Ned Green', 'ned-green', 880.96, NULL, 601, NULL, '2022-09-20 14:40:29', '2022-09-20 14:40:29'),
	(232, 'Gavin Monahan', 'gavin-monahan', 613.63, NULL, 555, NULL, '2022-09-20 14:40:29', '2022-09-20 14:40:29'),
	(233, 'Prof. Turner Pollich II', 'prof-turner-pollich-ii', 940.17, 'https://via.placeholder.com/640x480.png/0022ff?text=qui', 664, NULL, '2022-09-20 14:40:29', '2022-09-20 14:40:29'),
	(234, 'Albina Daniel Jr.', 'albina-daniel-jr', 221.57, 'https://via.placeholder.com/640x480.png/00ff11?text=non', 953, 10, '2022-09-20 14:40:29', '2022-09-20 14:40:29'),
	(235, 'Winnifred Russel DDS', 'winnifred-russel-dds', 467.85, NULL, 154, NULL, '2022-09-20 14:40:29', '2022-09-20 14:40:29'),
	(236, 'Dr. Estel Kovacek PhD', 'dr-estel-kovacek-phd', 861.23, 'https://via.placeholder.com/640x480.png/002288?text=quia', 678, 9, '2022-09-20 14:40:29', '2022-09-20 14:40:29'),
	(237, 'Justen Beatty', 'justen-beatty', 254.46, NULL, 315, NULL, '2022-09-20 14:40:29', '2022-09-20 14:40:29'),
	(238, 'Brook Lubowitz IV', 'brook-lubowitz-iv', 522.26, NULL, 702, 8, '2022-09-20 14:40:29', '2022-09-20 14:40:29'),
	(239, 'Prof. Okey Rippin', 'prof-okey-rippin', 190.25, 'https://via.placeholder.com/640x480.png/00eedd?text=eos', 862, 10, '2022-09-20 14:40:29', '2022-09-20 14:40:29'),
	(240, 'Opal Rice', 'opal-rice', 754.98, NULL, 174, NULL, '2022-09-20 14:40:29', '2022-09-20 14:40:29'),
	(241, 'Idella Grimes DDS', 'idella-grimes-dds', 329.62, 'https://via.placeholder.com/640x480.png/00eebb?text=non', 291, 6, '2022-09-20 14:40:29', '2022-09-20 14:40:29'),
	(242, 'Keaton Gerlach', 'keaton-gerlach', 357.39, NULL, 464, 6, '2022-09-20 14:40:29', '2022-09-20 14:40:29'),
	(243, 'Abdullah Brakus PhD', 'abdullah-brakus-phd', 384.80, 'https://via.placeholder.com/640x480.png/007766?text=in', 369, 6, '2022-09-20 14:40:29', '2022-09-20 14:40:29'),
	(244, 'German Casper', 'german-casper', 387.77, NULL, 385, NULL, '2022-09-20 14:40:29', '2022-09-20 14:40:29'),
	(245, 'Foster Kohler I', 'foster-kohler-i', 177.25, 'https://via.placeholder.com/640x480.png/00ee22?text=laborum', 419, NULL, '2022-09-20 14:40:29', '2022-09-20 14:40:29'),
	(246, 'Damon O\'Reilly II', 'damon-oreilly-ii', 554.77, NULL, 863, 9, '2022-09-20 14:40:29', '2022-09-20 14:40:29'),
	(247, 'Daphnee Lebsack', 'daphnee-lebsack', 294.75, 'https://via.placeholder.com/640x480.png/00cc55?text=et', 38, 10, '2022-09-20 14:40:29', '2022-09-20 14:40:29'),
	(248, 'Lenore Shields', 'lenore-shields', 851.55, 'https://via.placeholder.com/640x480.png/001122?text=eum', 45, NULL, '2022-09-20 14:40:29', '2022-09-20 14:40:29'),
	(249, 'Bobbie Paucek DVM', 'bobbie-paucek-dvm', 956.15, 'https://via.placeholder.com/640x480.png/003366?text=eos', 728, 3, '2022-09-20 14:40:29', '2022-09-20 14:40:29'),
	(250, 'Peter Green', 'peter-green', 3.75, NULL, 389, 6, '2022-09-20 14:40:29', '2022-09-20 14:40:29'),
	(251, 'Eve Price IV', 'eve-price-iv', 579.02, 'https://via.placeholder.com/640x480.png/00ee44?text=veniam', 492, 9, '2022-09-20 14:40:29', '2022-09-20 14:40:29'),
	(252, 'Dr. Gerhard Skiles IV', 'dr-gerhard-skiles-iv', 148.06, 'https://via.placeholder.com/640x480.png/005500?text=id', 980, NULL, '2022-09-20 14:40:29', '2022-09-20 14:40:29'),
	(253, 'Regan Kris II', 'regan-kris-ii', 982.39, 'https://via.placeholder.com/640x480.png/003388?text=hic', 692, 8, '2022-09-20 14:40:29', '2022-09-20 14:40:29'),
	(254, 'Triston Senger PhD', 'triston-senger-phd', 789.15, 'https://via.placeholder.com/640x480.png/0088bb?text=sequi', 382, NULL, '2022-09-20 14:40:29', '2022-09-20 14:40:29'),
	(255, 'Carmelo Pfannerstill', 'carmelo-pfannerstill', 909.60, NULL, 820, NULL, '2022-09-20 14:40:29', '2022-09-20 14:40:29'),
	(256, 'Tania Brekke', 'tania-brekke', 433.05, 'https://via.placeholder.com/640x480.png/0044dd?text=sint', 193, 7, '2022-09-20 14:40:29', '2022-09-20 14:40:29'),
	(257, 'Dannie Halvorson', 'dannie-halvorson', 527.49, NULL, 685, 4, '2022-09-20 14:40:29', '2022-09-20 14:40:29'),
	(258, 'Imani Carroll', 'imani-carroll', 304.11, NULL, 389, 6, '2022-09-20 14:40:29', '2022-09-20 14:40:29'),
	(259, 'Aylin Ebert', 'aylin-ebert', 241.15, NULL, 312, NULL, '2022-09-20 14:40:29', '2022-09-20 14:40:29'),
	(260, 'Miss Syble Wiza', 'miss-syble-wiza', 387.02, NULL, 174, 5, '2022-09-20 14:40:29', '2022-09-20 14:40:29'),
	(261, 'Maxine Hagenes', 'maxine-hagenes', 260.01, NULL, 427, NULL, '2022-09-20 14:40:29', '2022-09-20 14:40:29'),
	(262, 'Sydnie Tromp MD', 'sydnie-tromp-md', 367.92, NULL, 552, 3, '2022-09-20 14:40:29', '2022-09-20 14:40:29'),
	(263, 'Dr. Cloyd Ernser', 'dr-cloyd-ernser', 329.76, 'https://via.placeholder.com/640x480.png/00ffff?text=necessitatibus', 973, 4, '2022-09-20 14:40:29', '2022-09-20 14:40:29'),
	(264, 'Mr. Paul Jenkins DVM', 'mr-paul-jenkins-dvm', 333.13, NULL, 660, NULL, '2022-09-20 14:40:29', '2022-09-20 14:40:29'),
	(265, 'Georgianna Greenfelder', 'georgianna-greenfelder', 888.92, 'https://via.placeholder.com/640x480.png/00ee99?text=quia', 671, NULL, '2022-09-20 14:40:29', '2022-09-20 14:40:29'),
	(266, 'Prof. Ulices Johnson', 'prof-ulices-johnson', 974.99, NULL, 33, NULL, '2022-09-20 14:40:29', '2022-09-20 14:40:29'),
	(267, 'Neal Legros', 'neal-legros', 971.46, 'https://via.placeholder.com/640x480.png/0011cc?text=enim', 647, NULL, '2022-09-20 14:40:29', '2022-09-20 14:40:29'),
	(268, 'Elna Medhurst', 'elna-medhurst', 951.63, 'https://via.placeholder.com/640x480.png/006677?text=tempora', 422, NULL, '2022-09-20 14:40:29', '2022-09-20 14:40:29'),
	(269, 'Prof. Lorenzo Berge', 'prof-lorenzo-berge', 151.06, 'https://via.placeholder.com/640x480.png/0033ee?text=quisquam', 385, NULL, '2022-09-20 14:40:29', '2022-09-20 14:40:29'),
	(270, 'Dr. Salvatore Baumbach', 'dr-salvatore-baumbach', 545.75, 'https://via.placeholder.com/640x480.png/0055dd?text=nemo', 932, NULL, '2022-09-20 14:40:29', '2022-09-20 14:40:29'),
	(271, 'Zena Gottlieb', 'zena-gottlieb', 8.56, NULL, 34, 10, '2022-09-20 14:40:29', '2022-09-20 14:40:29'),
	(272, 'Prof. Judge Schowalter', 'prof-judge-schowalter', 480.85, NULL, 429, NULL, '2022-09-20 14:40:29', '2022-09-20 14:40:29'),
	(273, 'Lydia Fritsch', 'lydia-fritsch', 536.10, 'https://via.placeholder.com/640x480.png/0033aa?text=unde', 810, NULL, '2022-09-20 14:40:29', '2022-09-20 14:40:29'),
	(274, 'Mr. Leopold Gislason', 'mr-leopold-gislason', 614.51, NULL, 23, NULL, '2022-09-20 14:40:29', '2022-09-20 14:40:29'),
	(275, 'Antonio Jenkins Sr.', 'antonio-jenkins-sr', 274.19, NULL, 160, NULL, '2022-09-20 14:40:29', '2022-09-20 14:40:29'),
	(276, 'Giovanny Walter', 'giovanny-walter', 728.65, NULL, 3, 9, '2022-09-20 14:40:29', '2022-09-20 14:40:29'),
	(277, 'Prof. Layla Smitham', 'prof-layla-smitham', 666.81, NULL, 105, NULL, '2022-09-20 14:40:29', '2022-09-20 14:40:29'),
	(278, 'Baylee Wuckert Jr.', 'baylee-wuckert-jr', 67.23, NULL, 458, NULL, '2022-09-20 14:40:29', '2022-09-20 14:40:29'),
	(279, 'Arvel Olson V', 'arvel-olson-v', 186.40, 'https://via.placeholder.com/640x480.png/0055bb?text=magni', 852, 7, '2022-09-20 14:40:29', '2022-09-20 14:40:29'),
	(280, 'Abigale Reynolds', 'abigale-reynolds', 384.18, 'https://via.placeholder.com/640x480.png/00ff33?text=dolor', 318, 6, '2022-09-20 14:40:29', '2022-09-20 14:40:29'),
	(281, 'Ms. Abigayle Mante I', 'ms-abigayle-mante-i', 707.74, NULL, 364, 8, '2022-09-20 14:40:29', '2022-09-20 14:40:29'),
	(282, 'Delores Ullrich', 'delores-ullrich', 998.62, NULL, 420, NULL, '2022-09-20 14:40:29', '2022-09-20 14:40:29'),
	(283, 'Makayla Wunsch', 'makayla-wunsch', 393.97, NULL, 491, NULL, '2022-09-20 14:40:29', '2022-09-20 14:40:29'),
	(284, 'Mr. Ryley Jaskolski', 'mr-ryley-jaskolski', 863.82, NULL, 761, 4, '2022-09-20 14:40:29', '2022-09-20 14:40:29'),
	(285, 'Claudia Kuhn DDS', 'claudia-kuhn-dds', 22.48, 'https://via.placeholder.com/640x480.png/005566?text=quia', 421, 10, '2022-09-20 14:40:29', '2022-09-20 14:40:29'),
	(286, 'Blanca Gleichner', 'blanca-gleichner', 212.85, 'https://via.placeholder.com/640x480.png/00bb33?text=iure', 430, NULL, '2022-09-20 14:40:29', '2022-09-20 14:40:29'),
	(287, 'Kaleb VonRueden', 'kaleb-vonrueden', 519.00, NULL, 815, 3, '2022-09-20 14:40:29', '2022-09-20 14:40:29'),
	(288, 'Dr. Savion Harris III', 'dr-savion-harris-iii', 277.92, NULL, 880, 10, '2022-09-20 14:40:29', '2022-09-20 14:40:29'),
	(289, 'Wilmer Reichel', 'wilmer-reichel', 511.08, NULL, 555, 3, '2022-09-20 14:40:29', '2022-09-20 14:40:29'),
	(290, 'Ms. Rhoda Gibson MD', 'ms-rhoda-gibson-md', 139.38, 'https://via.placeholder.com/640x480.png/00aa00?text=ullam', 627, 6, '2022-09-20 14:40:29', '2022-09-20 14:40:29'),
	(291, 'Nyah Raynor', 'nyah-raynor', 384.42, 'https://via.placeholder.com/640x480.png/009900?text=veritatis', 422, NULL, '2022-09-20 14:40:29', '2022-09-20 14:40:29'),
	(292, 'Carter Nitzsche DVM', 'carter-nitzsche-dvm', 54.54, 'https://via.placeholder.com/640x480.png/009933?text=qui', 251, NULL, '2022-09-20 14:40:29', '2022-09-20 14:40:29'),
	(293, 'Dr. Darron Denesik PhD', 'dr-darron-denesik-phd', 316.59, NULL, 257, NULL, '2022-09-20 14:40:29', '2022-09-20 14:40:29'),
	(294, 'Chris Bednar', 'chris-bednar', 520.19, NULL, 334, NULL, '2022-09-20 14:40:29', '2022-09-20 14:40:29'),
	(295, 'Crystel Kshlerin', 'crystel-kshlerin', 864.18, 'https://via.placeholder.com/640x480.png/000088?text=pariatur', 274, NULL, '2022-09-20 14:40:29', '2022-09-20 14:40:29'),
	(296, 'Rosie Wiegand', 'rosie-wiegand', 709.88, 'https://via.placeholder.com/640x480.png/009933?text=eos', 158, NULL, '2022-09-20 14:40:29', '2022-09-20 14:40:29'),
	(297, 'Michael Thiel', 'michael-thiel', 885.34, NULL, 543, NULL, '2022-09-20 14:40:29', '2022-09-20 14:40:29'),
	(298, 'Creola Stoltenberg', 'creola-stoltenberg', 644.58, 'https://via.placeholder.com/640x480.png/0066cc?text=ullam', 971, NULL, '2022-09-20 14:40:29', '2022-09-20 14:40:29'),
	(299, 'Mathew Lehner', 'mathew-lehner', 899.48, NULL, 525, 9, '2022-09-20 14:40:29', '2022-09-20 14:40:29'),
	(300, 'Ms. Carolyne Armstrong', 'ms-carolyne-armstrong', 373.19, NULL, 915, 6, '2022-09-20 14:40:29', '2022-09-20 14:40:29');
/*!40000 ALTER TABLE `products` ENABLE KEYS */;

-- Dump della struttura di tabella recap-join.users
CREATE TABLE IF NOT EXISTS `users` (
  `id` bigint(20) unsigned NOT NULL AUTO_INCREMENT,
  `name` varchar(255) COLLATE utf8mb4_unicode_ci NOT NULL,
  `email` varchar(255) COLLATE utf8mb4_unicode_ci NOT NULL,
  `email_verified_at` timestamp NULL DEFAULT NULL,
  `password` varchar(255) COLLATE utf8mb4_unicode_ci NOT NULL,
  `remember_token` varchar(100) COLLATE utf8mb4_unicode_ci DEFAULT NULL,
  `created_at` timestamp NULL DEFAULT NULL,
  `updated_at` timestamp NULL DEFAULT NULL,
  PRIMARY KEY (`id`),
  UNIQUE KEY `users_email_unique` (`email`)
) ENGINE=InnoDB AUTO_INCREMENT=31 DEFAULT CHARSET=utf8mb4 COLLATE=utf8mb4_unicode_ci;

-- Dump dei dati della tabella recap-join.users: ~30 rows (circa)
/*!40000 ALTER TABLE `users` DISABLE KEYS */;
REPLACE INTO `users` (`id`, `name`, `email`, `email_verified_at`, `password`, `remember_token`, `created_at`, `updated_at`) VALUES
	(1, 'Simone Giusti', 'simone-giusti@boolean.careers', '2022-09-20 14:40:27', '$2y$10$92IXUNpkjO0rOQ5byMi.Ye4oKoEa3Ro9llC/.og/at2.uheWG/igi', 'puMy0wcuIK', '2022-09-20 14:40:27', '2022-09-20 14:40:27'),
	(2, 'Jacopo Damiani', 'jacopo-damiani@boolean.careers', '2022-09-20 14:40:27', '$2y$10$92IXUNpkjO0rOQ5byMi.Ye4oKoEa3Ro9llC/.og/at2.uheWG/igi', 'fDAQQIzPl4', '2022-09-20 14:40:27', '2022-09-20 14:40:27'),
	(3, 'Adriano Grimaldi', 'adriano-grimaldi@boolean.careers', '2022-09-20 14:40:27', '$2y$10$92IXUNpkjO0rOQ5byMi.Ye4oKoEa3Ro9llC/.og/at2.uheWG/igi', 'qJdFJ0zP6m', '2022-09-20 14:40:27', '2022-09-20 14:40:27'),
	(4, 'Alessio Vietri', 'alessio-vietri@boolean.careers', '2022-09-20 14:40:27', '$2y$10$92IXUNpkjO0rOQ5byMi.Ye4oKoEa3Ro9llC/.og/at2.uheWG/igi', 'Z3SQ4S7uCm', '2022-09-20 14:40:28', '2022-09-20 14:40:28'),
	(5, 'Lorenzo Bertoni', 'lorenzo-bertoni@boolean.careers', '2022-09-20 14:40:28', '$2y$10$92IXUNpkjO0rOQ5byMi.Ye4oKoEa3Ro9llC/.og/at2.uheWG/igi', 'ioDkFmI73W', '2022-09-20 14:40:28', '2022-09-20 14:40:28'),
	(6, 'Alex Bosio', 'alex-bosio@boolean.careers', '2022-09-20 14:40:28', '$2y$10$92IXUNpkjO0rOQ5byMi.Ye4oKoEa3Ro9llC/.og/at2.uheWG/igi', 'tkWXvN63Rt', '2022-09-20 14:40:28', '2022-09-20 14:40:28'),
	(7, 'Erik Borgogno', 'erik-borgogno@boolean.careers', '2022-09-20 14:40:28', '$2y$10$92IXUNpkjO0rOQ5byMi.Ye4oKoEa3Ro9llC/.og/at2.uheWG/igi', 'uUIIENVhh1', '2022-09-20 14:40:28', '2022-09-20 14:40:28'),
	(8, 'Marco Braccini', 'marco-braccini@boolean.careers', '2022-09-20 14:40:28', '$2y$10$92IXUNpkjO0rOQ5byMi.Ye4oKoEa3Ro9llC/.og/at2.uheWG/igi', 'tIivgi2MCk', '2022-09-20 14:40:28', '2022-09-20 14:40:28'),
	(9, 'Valerio Cani', 'valerio-cani@boolean.careers', '2022-09-20 14:40:28', '$2y$10$92IXUNpkjO0rOQ5byMi.Ye4oKoEa3Ro9llC/.og/at2.uheWG/igi', 'BcC7yK7woI', '2022-09-20 14:40:28', '2022-09-20 14:40:28'),
	(10, 'Davide Capoccia', 'davide-capoccia@boolean.careers', '2022-09-20 14:40:28', '$2y$10$92IXUNpkjO0rOQ5byMi.Ye4oKoEa3Ro9llC/.og/at2.uheWG/igi', 'gw2Rb0xONV', '2022-09-20 14:40:28', '2022-09-20 14:40:28'),
	(11, 'Kevin Coulibaly', 'kevin-coulibaly@boolean.careers', '2022-09-20 14:40:28', '$2y$10$92IXUNpkjO0rOQ5byMi.Ye4oKoEa3Ro9llC/.og/at2.uheWG/igi', 'zRAOkyRBTK', '2022-09-20 14:40:28', '2022-09-20 14:40:28'),
	(12, 'Arianna De Pasquale', 'arianna-de-pasquale@boolean.careers', '2022-09-20 14:40:28', '$2y$10$92IXUNpkjO0rOQ5byMi.Ye4oKoEa3Ro9llC/.og/at2.uheWG/igi', 'MHdOZ9tzIu', '2022-09-20 14:40:28', '2022-09-20 14:40:28'),
	(13, 'Simone Fortunato', 'simone-fortunato@boolean.careers', '2022-09-20 14:40:28', '$2y$10$92IXUNpkjO0rOQ5byMi.Ye4oKoEa3Ro9llC/.og/at2.uheWG/igi', '9t6VFhZ9Lb', '2022-09-20 14:40:28', '2022-09-20 14:40:28'),
	(14, 'Valerio Genco', 'valerio-genco@boolean.careers', '2022-09-20 14:40:28', '$2y$10$92IXUNpkjO0rOQ5byMi.Ye4oKoEa3Ro9llC/.og/at2.uheWG/igi', 'ccqCbN7dqq', '2022-09-20 14:40:28', '2022-09-20 14:40:28'),
	(15, 'Andrea	Genovese', 'andrea-genovese@boolean.careers', '2022-09-20 14:40:28', '$2y$10$92IXUNpkjO0rOQ5byMi.Ye4oKoEa3Ro9llC/.og/at2.uheWG/igi', 'qmf9jC7B7v', '2022-09-20 14:40:28', '2022-09-20 14:40:28'),
	(16, 'Giacomo Giannoni', 'giacomo-giannoni@boolean.careers', '2022-09-20 14:40:28', '$2y$10$92IXUNpkjO0rOQ5byMi.Ye4oKoEa3Ro9llC/.og/at2.uheWG/igi', 'Hmjb7cOMgH', '2022-09-20 14:40:28', '2022-09-20 14:40:28'),
	(17, 'Leonardo Gudini', 'leonardo-gudini@boolean.careers', '2022-09-20 14:40:28', '$2y$10$92IXUNpkjO0rOQ5byMi.Ye4oKoEa3Ro9llC/.og/at2.uheWG/igi', 'gMHhIvaKhY', '2022-09-20 14:40:28', '2022-09-20 14:40:28'),
	(18, 'Marta Iachini', 'marta-iachini@boolean.careers', '2022-09-20 14:40:28', '$2y$10$92IXUNpkjO0rOQ5byMi.Ye4oKoEa3Ro9llC/.og/at2.uheWG/igi', 'VHs4QnPnh2', '2022-09-20 14:40:28', '2022-09-20 14:40:28'),
	(19, 'Soraya	Khyabani', 'soraya-khyabani@boolean.careers', '2022-09-20 14:40:28', '$2y$10$92IXUNpkjO0rOQ5byMi.Ye4oKoEa3Ro9llC/.og/at2.uheWG/igi', 'dbSnuqs7T1', '2022-09-20 14:40:28', '2022-09-20 14:40:28'),
	(20, 'Riccardo Lupinu', 'riccardo-lupinu@boolean.careers', '2022-09-20 14:40:28', '$2y$10$92IXUNpkjO0rOQ5byMi.Ye4oKoEa3Ro9llC/.og/at2.uheWG/igi', 'UDOmLA1xrZ', '2022-09-20 14:40:28', '2022-09-20 14:40:28'),
	(21, 'Stefano Morgia', 'stefano-morgia@boolean.careers', '2022-09-20 14:40:28', '$2y$10$92IXUNpkjO0rOQ5byMi.Ye4oKoEa3Ro9llC/.og/at2.uheWG/igi', 'eXn62gTygp', '2022-09-20 14:40:28', '2022-09-20 14:40:28'),
	(22, 'Said Moussadek', 'said-moussadek@boolean.careers', '2022-09-20 14:40:28', '$2y$10$92IXUNpkjO0rOQ5byMi.Ye4oKoEa3Ro9llC/.og/at2.uheWG/igi', 'zXDrqxeK1I', '2022-09-20 14:40:28', '2022-09-20 14:40:28'),
	(23, 'Marco Paci', 'marco-paci@boolean.careers', '2022-09-20 14:40:28', '$2y$10$92IXUNpkjO0rOQ5byMi.Ye4oKoEa3Ro9llC/.og/at2.uheWG/igi', 'lxygUjOdaW', '2022-09-20 14:40:28', '2022-09-20 14:40:28'),
	(24, 'Andrea	Quaglioni', 'andrea-quaglioni@boolean.careers', '2022-09-20 14:40:28', '$2y$10$92IXUNpkjO0rOQ5byMi.Ye4oKoEa3Ro9llC/.og/at2.uheWG/igi', 'hloyowcsWx', '2022-09-20 14:40:28', '2022-09-20 14:40:28'),
	(25, 'Simone Pietro Ricciardo', 'simone-pietro-ricciardo@boolean.careers', '2022-09-20 14:40:28', '$2y$10$92IXUNpkjO0rOQ5byMi.Ye4oKoEa3Ro9llC/.og/at2.uheWG/igi', 'RlNmzGUgZR', '2022-09-20 14:40:28', '2022-09-20 14:40:28'),
	(26, 'Francesco Sangalli', 'francesco-sangalli@boolean.careers', '2022-09-20 14:40:28', '$2y$10$92IXUNpkjO0rOQ5byMi.Ye4oKoEa3Ro9llC/.og/at2.uheWG/igi', '5nUYOMBxJj', '2022-09-20 14:40:28', '2022-09-20 14:40:28'),
	(27, 'Alessio Scoppetta', 'alessio-scoppetta@boolean.careers', '2022-09-20 14:40:28', '$2y$10$92IXUNpkjO0rOQ5byMi.Ye4oKoEa3Ro9llC/.og/at2.uheWG/igi', 'H4v9crxJMT', '2022-09-20 14:40:28', '2022-09-20 14:40:28'),
	(28, 'Luca Somaschini', 'luca-somaschini@boolean.careers', '2022-09-20 14:40:28', '$2y$10$92IXUNpkjO0rOQ5byMi.Ye4oKoEa3Ro9llC/.og/at2.uheWG/igi', 'XzdmFYRY12', '2022-09-20 14:40:28', '2022-09-20 14:40:28'),
	(29, 'Matteo Susanna', 'matteo-susanna@boolean.careers', '2022-09-20 14:40:28', '$2y$10$92IXUNpkjO0rOQ5byMi.Ye4oKoEa3Ro9llC/.og/at2.uheWG/igi', 'QPkSnC7XSS', '2022-09-20 14:40:28', '2022-09-20 14:40:28'),
	(30, 'Marco Valerio', 'marco-valerio@boolean.careers', '2022-09-20 14:40:28', '$2y$10$92IXUNpkjO0rOQ5byMi.Ye4oKoEa3Ro9llC/.og/at2.uheWG/igi', '6Jau71Ih4h', '2022-09-20 14:40:28', '2022-09-20 14:40:28');
/*!40000 ALTER TABLE `users` ENABLE KEYS */;

/*!40101 SET SQL_MODE=IFNULL(@OLD_SQL_MODE, '') */;
/*!40014 SET FOREIGN_KEY_CHECKS=IF(@OLD_FOREIGN_KEY_CHECKS IS NULL, 1, @OLD_FOREIGN_KEY_CHECKS) */;
/*!40101 SET CHARACTER_SET_CLIENT=@OLD_CHARACTER_SET_CLIENT */;
